:020000040800F2
:100000006038002061020008794A00081D3B0008A2
:10001000754A0008ED160008154E000800000000A3
:10002000000000000000000000000000514C00082B
:10003000F116000800000000A14A0008994C0008D1
:100040007B0200087B0200087B0200087B0200089C
:100050007B0200087B0200087B0200087B0200088C
:100060007B0200087B0200087B0200087B0200087C
:100070007B0200087B0200087B0200087B0200086C
:100080007B0200087B0200087B0200087B0200085C
:100090007B0200087B0200087B020008151700089D
:1000A0007B0200087B0200087B0200087B0200083C
:1000B0007B0200087B020008BD4C00087B020008A0
:1000C0007B0200087B0200087B0200087B0200081C
:1000D0007B0200087B0200087B0200087B0200080C
:1000E000F51600087B0200087B02000800F002F809
:1000F00000F0A6F814A696E8000CB244B344DA4522
:1001000001D100F09DF8BAE80F000FA696E8300084
:10011000A5EB040504EB0607AAEB0704A7F101070A
:100120004FEA15154FEA3414A4F10104AC4201D38F
:1001300000F086F813F0010F18BFFB1A43F001031B
:1001400000F001F8DBE71847B8A30000D8A30000CF
:10015000103A24BF78C878C1FAD8520724BF30C8F3
:1001600030C144BF04680C60704700007047000055
:100170000023002400250026103A28BF78C1FBD8B0
:10018000520728BF30C148BF0B6070476E2900F08E
:100190001783702900F06F86662909F006866529A5
:1001A00009F00386672909F00086612909F0FF85B7
:1001B00003681B0A28BF41F08001692900F0C4824E
:1001C000642900F0C182752900F0BE826F2900F019
:1001D000FD85782900F03B86E92900F09785E42920
:1001E00000F09485F52900F09185EF2900F0FA855B
:1001F000F82900F03A860368DB0928BF41F0800146
:10020000632901F00181732901F00681E32901F0DE
:100210001181F32901F01681002070471FB500F00D
:1002200089FE04000020002109F0CEFA401C606025
:100230000020002109F0B2FAE0601FBD10B510BD2A
:1002400001F0A7F91146FFF7E9FF04F085FF01F07F
:10025000CDF903B4FFF7F2FF03BC00F065FE000028
:100260000948804709480047FEE7FEE7FEE7FEE74A
:10027000FEE7FEE7FEE7FEE7FEE7FEE70448054986
:10028000054A064B70470000B94C0008ED00000815
:10029000603200206038002060340020603400208C
:1002A0007CB51D4616460C00009007D04142A14285
:1002B00002D32044401E01E04FF0FF30064B7B4448
:1002C0002A4669460190304600F0A1FC002C02D07D
:1002D000009A002111707CBD7D0900000FB41CB58F
:1002E000084B06AA7B4469460090059800F08FFCF5
:1002F00004460020694600F09DFC20461CBC5DF8C9
:1003000014FB00004D09000070B5044685690068C3
:10031000C10601D5302600E02026C00707D070BDF9
:10032000D4E9012130469047206A401C20626D1EAE
:10033000F6D570BD70B5044685690078C00707D151
:1003400070BDD4E9012120209047206A401C206222
:100350006D1EF6D570BD00002DE9F05F894604469C
:100360004FF0000ADFF874B1FB44C0F820A020462B
:10037000E1688847002874D0252806D0D4E90121F7
:100380009047206A401C2062F1E700265F46204625
:10039000E16888472028054607DB312D05D278190A
:1003A00010F8200C08B10643F1E7B00701D526F09C
:1003B0000406C4F81CA00027C4F818A02A2D09D0F0
:1003C000284609F0E3F938B304EB8708303DC8F854
:1003D000185019E059F8041B204604EB870291617C
:1003E000E1688847012F054618D1E069002820DA26
:1003F00026F020061DE0D8F8180000EB800005EB81
:1004000040003038C8F818002046E16888470546A3
:1004100009F0BCF90028EED1012F0AD02E2D08D109
:100420002046E16888477F1C0546022F46F02006DB
:10043000C4DBA069002803DA404246F00106A0614F
:10044000F00701D026F010066C2D0BD0682D09D0D6
:100450004C2D39D06A2D35D0742D35D07A2D33D02E
:1004600016E038E0E1682F4620468847B842054646
:1004700009D16C2F26D04FF48060E16806432046F6
:100480008847054604E06C2F1AD04FF4807006436D
:100490000DB3A5F14100192802D8203546F40066B5
:1004A0004A462946204626604E46FFF76FFE80B139
:1004B00001280BD0F61D26F0070000F1080956E7C9
:1004C0004020E4E78020D8E70020D6E706F10409C1
:1004D0004DE7284652E7206ABDE8F09F469A0000A3
:1004E0000EB5054614460E4613A000F0DAFC284669
:1004F00000F0D7FC16A000F0D4FC304600F0D1FC90
:1005000015A000F0CEFC00218DF80B100A210DF192
:100510000A008DF80A1008E094FBF1F201FB124288
:1005200094FBF1F4303200F8012D002CF4DC00F0E3
:10053000B8FC00F0ABFC00002A2A2A206173736526
:100540007274696F6E206661696C65643A200000A0
:100550002C2066696C6520002C206C696E6520007B
:1005600010B5431C02E010F8011B71B18107FAD1EC
:100570004FF0013202C88C1A8C4314EAC211F9D030
:10058000C01A0A0603D0C01E10BDC01A10BD0A044E
:1005900001D0801E10BD0902FCD0401E10BD032AF0
:1005A00040F2308010F0030C00F0158011F8013B90
:1005B000BCF1020F624498BF11F801CB00F8013B77
:1005C00038BF11F8013BA2F1040298BF00F801CB3B
:1005D00038BF00F8013B11F0030300F06C84083AC7
:1005E000C0F0088051F8043B083A51F804CBA0E869
:1005F0000810F5E7121D5CBF51F8043B40F8043BBE
:10060000AFF30080D20724BF11F8013B11F801CBF2
:1006100048BF11F8012B24BF00F8013B00F801CBC3
:1006200048BF00F8012B704702F0FF0343EA0322A2
:1006300042EA024200F024B84FF000020429C0F060
:10064000128010F0030C00F01B80CCF1040CBCF104
:10065000020F18BF00F8012BA8BF20F8022BA1EB56
:100660000C0100F00DB85FEAC17C24BF00F8012B3B
:1006700000F8012B48BF00F8012B70474FF0000233
:1006800000B5134694469646203922BFA0E80C5088
:10069000A0E80C50B1F12001BFF4F7AF090728BF63
:1006A000A0E80C5048BF0CC05DF804EB890028BFDF
:1006B00040F8042B08BF704748BF20F8022B11F008
:1006C000804F18BF00F8012B704770477047704784
:1006D00009684A0501D540B27047C905FCD500B28A
:1006E000704709684A0501D5C0B27047C905FCD5F5
:1006F00080B2704770B50C460546012A05D02878AF
:10070000800600D5EA69002302E0012305E05B1CB6
:10071000934202D2E05C0028F9D1A869E618C01A19
:10072000A861286A184428622846FFF7EDFD04E016
:10073000D5E9012114F8010B9047B442F8D32846BB
:10074000FFF7F8FD70BD00002DE9F04106460024DA
:1007500010687529314616A510D0FFF7B9FF00289B
:1007600002DA404213A507E031688A0701D512A5D5
:1007700002E0490704D511A5012401E0FFF7B1FF0C
:1007800000210A2206F1240709E0B0FBF2FCB0FBCD
:10079000F2F302FB1C00303078541846491C002844
:1007A000F3D123462A463046BDE8F04100F00BBCA9
:1007B000000000002D0000002B00000020000000C1
:1007C00011680268006A530501D508700AE0D30574
:1007D00001D5088006E0130603D5C217C1E900025F
:1007E00000E00860012070472DE9FF4F0C461E46CF
:1007F0004FF0FF378BB0D2E90001DDF860800A903E
:100800008A46C1F30A5505B93D46002108464FF016
:100810000000BAF1000F00F4400005DA00EB8000A0
:100820004FF4400101EA50004FEA9059B9F1010F2D
:1008300000DDB9460A9850EA4A000ED044F610503E
:10084000A5F2FF3545432F14B8F1000F1ED07542B5
:10085000291E1EDDC9F100021CE0B8F1010F4FF0A6
:10086000000001D0302103E0F24305E02154401C98
:10087000B042FBDB30460022002121540B99C1F825
:100880000880C1E900200FB0BDE8F08FBD1B6D1CD2
:10089000DEE74A4600DA694206A800F0D7FD06AB5B
:1008A00093E8070003AB83E8070050460A9908F075
:1008B00091FB8DE80700A0F500501F3800900398C9
:1008C000002D0ADD42F21F014A460844002303A915
:1008D0000390684608F0FAFD09E0A0F500504A468A
:1008E0001F38002303A90390684608F004FE8DE832
:1008F00007000004000C03D04FF0FF30410800E077
:100900001046B8F1000F03D00022009215461EE0F9
:10091000751E05D400F012FB303262556D1EF9D5FC
:10092000B3460122084302D000227F1C04E0207855
:10093000302801D100227F1E002A099784D01DE0B3
:10094000112D07DA00F0FAFA303262556D1C50EAC8
:100950000102F5D1084302D00098C8B10EE0002191
:10096000681E05E0235C625C63542254401E491CEF
:100970008142F7DBAB46A81B401E0990002004F81B
:100980000B000B98099AC0F80880C0E9002B7AE7A1
:1009900011264FF0000857E72DE9F04F884604462E
:1009A000D21D22F0070191B0D1E90001CDE90A0181
:1009B00008F0D8FE02460B98C00F01D02D2007E0AA
:1009C0002068810701D52B2002E0202101EAC00028
:1009D000032A099001D0072A05DB03464146204639
:1009E00000F0C8FC0BE12078800601D5E06900E04A
:1009F0000620B8F1650F814606D0B8F1660F18D011
:100A0000B8F1670F70D131E00020B9F1110F0090FB
:100A100001DB112301E009F101030AAA01A90CA8D5
:100A2000FFF7E2FEDDE90C70002609F101058346BF
:100A300047E001204B4600904FF000470AAA01A969
:100A40000CA8FFF7D1FEDDE90DB00C995D4600263C
:100A500010B909F101000D18B9EB050003D4C0F17C
:100A6000FF3609F10105A5EB09002BE0B9F1010FF3
:100A700001DA4FF001090020B9F1110F009048464A
:100A800001DD112300E003460AAA01A90CA8FFF723
:100A9000ABFEDDE90C704D4600268346207800074A
:100AA0000AD4AB4500DA5D4601A8012D04DD4119E9
:100AB00011F8011C302907D04F4502DA17F1040F55
:100AC00004DA012082460FE06D1EEEE7002F02DC03
:100AD000ED1B3E4403E0781CA84200DD7D1CB81BE2
:100AE00000F1010A4FF000472078000703D4AA451F
:100AF00001DB4FF0FF3A0021B7F1004F0DF1430841
:100B00008DF8431024D002202B23002F01DA7F42DE
:100B10002D230A21021EA0F1010000DC5FB197FB2A
:100B2000F1FC97FBF1F201FB1C7C17460CF1300C39
:100B300008F801CDEEE7A8F101000370218809054E
:100B400001D5452100E06521A0F1010800F8011C54
:100B500009980FA9A1EB0807FF1D00B10120411959
:100B600001EBEA70A1693844081A401EA0612078A0
:100B7000C00602D42046FFF7C7FB099828B1D4E984
:100B800001219047206A401C20622078C00622D5AF
:100B90002046FFF7B9FB1EE0002E04DBB34502DD63
:100BA00001A8805D00E03020D4E901219047206A4F
:100BB000401C2062761CAAF101005FEA000A0AD1FB
:100BC00000F0B8F9C0680168405CD4E901219047A1
:100BD000206A401C2062281EA5F10105DCDC07E02C
:100BE000D4E9012118F8010B9047206A401C2062CB
:100BF000381EA7F10107F3DC2046FFF79BFB03201B
:100C000011B041E601694A1C02610878704700B5DD
:100C10008FB0CDE901310021059105497944CDE935
:100C2000031011466846FFF797FB0FB000BD0000A8
:100C3000E5FFFFFF0A6802F8010B0A607047D1E97F
:100C400000239A4202D2531C0B60107070470000C0
:100C50002DE9FF5F15468A460446DFF8AC80F8446C
:100C60000027D8E900103E46CDE9001010E03AF820
:100C700016106A4602A800F05BFC411C07D02178E0
:100C8000890603D5E269391891420DD80744761CCC
:100C90002078800602D5E069B84205DDAE42E6DB89
:100CA0003AF816000028E2D1A069C01BA0612046D6
:100CB000FFF72AFBD8E90010CDE90010002017E06B
:100CC0003AF818106A4602A800F032FCB0F1FF3F73
:100CD00081460BD000250DF1080B05E0D4E9012178
:100CE0001BF8050090476D1C4D45F7D308F1010036
:100CF000B0428046E4DB206A384420622046FFF799
:100D000019FBBDE8FF9F0000629100002DE9F04152
:100D10008046D21D22F007020025D2E90002F52903
:100D200015A614D0011E72F1000106DA0023D0EBE3
:100D3000030063EB020211A608E0D8F800108B074D
:100D400001D50FA602E0490701D50EA601251146DF
:100D5000002408F1240704E000F0F0F830323A559E
:100D6000641C50EA0102F7D12B4632462146404628
:100D7000BDE8F04100F027B9000000002D000000A0
:100D80002B0000002000000030B4002100F12404FA
:100D900008E002F00705D208303542EA4372DB086A
:100DA0006554491C52EA0305F3D10468002310A2DC
:100DB000250708D504F020040C4304D0C46901239E
:100DC0000CA2641EC46130BC00F0FDB810B504462E
:100DD00021461068FFF785FC02462046BDE810401A
:100DE0000023D1E7D21D22F00701D1E90023CBE790
:100DF0000000000030000000F0B40D460188090535
:100E000002D5214C7C4402E01F4C7C440E3400216E
:100E100000F1240608E002F00F071209E75D42EA3C
:100E200003721B097754491C52EA0307F3D1027875
:100E30000023120704D5702D06D009B10223113406
:100E40002246F0BC00F0BFB801231034F8E770B5BB
:100E500004460D4621461068FFF743FC024629462A
:100E60002046BDE870400023C6E7D21D22F00703EC
:100E7000D3E90023C0E70368126843F0200303604E
:100E80000823C3610023B7E7C48F000010B500201A
:100E900000F072FBFFF7D2F9BDE81040012000F02E
:100EA00043B810B5044602E0641C00F036F8207820
:100EB0000028F9D110BD10B5203AC0F00B80B1E880
:100EC0001850A0E81850B1E81850A0E81850203A7F
:100ED000BFF4F5AF5FEA027C24BFB1E81850A0E888
:100EE000185044BF18C918C0BDE810405FEA827CA2
:100EF00024BF51F8043B40F8043B08BF7047D207B9
:100F000028BF31F8023B48BF11F8012B28BF20F859
:100F1000023B48BF00F8012B704708B569468DF8C1
:100F200000000320ABBE08BD01491820ABBEFEE7A0
:100F300026000200004870473000002030B5B0F1B4
:100F40000A0271F100034FEA900E4EEA817EB0EB87
:100F50000E0061EB91014FEA101E4EEA017E10EB8C
:100F60000E0041EB11114FEA102E4EEA016E10EB0C
:100F70000E0041EB11214FEA104E4EEA014E10EBEC
:100F80000E0041EB1141401841F100014FEAD00041
:100F900040EA41704FEAD1014FEA810444EA90747B
:100FA00010EB800544EB01046D1944EB0404521B63
:100FB000A3414FF0000348BF0A3200D530BD401CAA
:100FC00041F1000130BD2DE9F0470D4699469246AA
:100FD000044600F124080168880604D5E06921F080
:100FE0001001216000E00120A84201DD471B00E064
:100FF0000027A1697A1902EB0900081AA06120787C
:10100000C00602D42046FFF77FF9002608E0D4E9A5
:1010100001211AF806009047206A401C761C2062C5
:101020004E45F4DB2078C0060AD52046FFF76CF960
:1010300006E0D4E9012130209047206A401C20625C
:10104000381EA7F10107F4DC07E0D4E9012118F804
:1010500005009047206A401C2062281EA5F101056A
:10106000F3DC2046FFF766F92078000602D502205F
:10107000BDE8F0870120FBE72DE9F04F04460D465F
:10108000D21D22F0070089B0D0E9009748463946C2
:1010900008F068FB0246F80F01D02D2307E0206816
:1010A000810701D52B2302E0202101EAC0038DF83E
:1010B00020300BB1012000E00020032A824601D03D
:1010C000072A04DB2946204600F054F93FE1207846
:1010D000800601D40D2500E0E569C7F30A560D2D01
:1010E00049DA00214FEA175B08464FF00000002F55
:1010F00000F4400007DA00EB80004FF4400100EB01
:10110000D07001EA60008115012901DD4FF0FF3147
:1011100000224FEA850CBCF1180F06D31346ACF140
:1011200018004FF08052C24003E04FF4801323FABE
:101130000CF30CF10C0CBCF1200F04D3ACF1200C1F
:1011400009FA0CF001E007FA0CF000294FF0004812
:1011500001DD18B90FE00ED140450CD319EB02099F
:101160005F4121B9404502D19F4329EA0209BBEB07
:10117000175F00D0761C2088000502D57B48784494
:1011800002E07A487844193808AA302302F80A3075
:10119000037C0AF10101002E0AF1020A53546A4647
:1011A00002DC4FF0300101E04FF031014FF0010857
:1011B0008DF8001002D0A6F2FF3603E059EA47018D
:1011C00000D06B4E002D02DC2178090704D54FF0CA
:1011D00002082E218DF80110C44600210BE0C7F350
:1011E00003433F01C35C491C6D1E02F8083005290A
:1011F00008F1010801DA002DF1DC00210CE000EB20
:101200001973491C1B786D1E082902F808304FEA33
:10121000091908F1010801DA002DF0DC21688B06BC
:1012200002D516E0A8F10108E04505DD02EB080350
:1012300013F8013C302BF5D0B8F1000F09DD02EBBB
:10124000080313F8013C2E2B03D1090701D4A8F1A0
:101250000108002D05DD3E2102F808106D1E08F181
:101260000108407C002E02F8080008F1010804DAA9
:101270002D20764202F8080002E02B2002F8080038
:101280000A214FF47A70864208F101080BDB96FBC5
:10129000F0F3303302F8083096FBF0F308F1010860
:1012A00000FB136601E0642E0CDB642096FBF0F378
:1012B000303302F8083096FBF0F308F1010800FB28
:1012C000136601E00A2E06DB96FBF1F0303002F8DF
:1012D000080008F1010896FBF1F001FB10603030C6
:1012E00002F80800A16908F1010808EB050202EB09
:1012F0000A00081AA0612078C00602D42046FFF731
:1013000003F8216A08AE01EB0A00206204E0D4E988
:10131000012116F8010B9047BAF1010AF7D22078A3
:10132000C00602D52046FEF7EFFF6E4609E016F82C
:10133000010B3E280FD0D4E901219047206A401CC0
:101340002062B8F10108F2D22046FEF7F3FF09B09F
:101350000320BDE8F08F206A2844206203E0D4E92E
:101360000121302090476D1EEBD3F8E7858C0000FB
:1013700002FCFFFF2DE9F0411F46044603260168E9
:10138000072A01F4006004DB08B116A505E016A5E4
:1013900003E008B115A500E015A521F010002060BC
:1013A000A069C01EA0610FB1401EA0612046FEF7DB
:1013B000ABFF4FB1D4E9012138469047206A401C69
:1013C0002062C01C206206E0206AFAE7D4E901210D
:1013D00015F8010B9047761EF8D22046FEF7AAFFBB
:1013E000BDE8F0814E414E006E616E00494E4600F0
:1013F000696E660010B5436913B1AFF3008001E078
:10140000FFF778F9012010BD127800F124010A706D
:1014100000224A700122EDE711684FF0FF32E9E740
:1014200010B5436913B1AFF3008001E0FFF710FC82
:10143000012010BD128800F1240182840022C284A0
:101440000122EDE711684FF0FF32E9E72DE9F0479F
:10145000814616468AB0354878440DC88DE80D009F
:1014600032487844801C03AC0DC884E80D0041F676
:101470009B300844372190FBF1F290FBF1F5A5F188
:10148000800501FB12041B3C02D56442012000E0F0
:101490000020DFF898A080460027FA44AAF1BE0A8F
:1014A0000EE0E0070AD03246684607EB4701012309
:1014B0000AEB810108F01FF88DE8070064107F1C1B
:1014C000002CEED1194F7F44AE3F19E0E80715D04C
:1014D00007EB04100DF1180A90E80E008AE80E00E0
:1014E000C068F04201D1981908903246012306A93C
:1014F00003A808F000F803AB83E807006D10641C34
:10150000002DE3D14FF0010332466946B8F1000FD8
:1015100003A802D007F0DAFF01E007F0ECFFC9E909
:101520000001C9F808200AB0BDE8F0873C8A000035
:101530002DE9F04116460C46054600F04FF80368C9
:1015400093F80101012807D0FF2C12D8185D80B153
:1015500001202C70BDE8F081D3F807013246214606
:1015600003F20713C7182846BC46BDE8F041002324
:1015700060474FF0FF30EDE710B500F045F8BDE8EB
:10158000104000F03CB800000048704710000020F8
:1015900070477546FFF7F8FFAE46050069465346AB
:1015A00020F00700854618B020B5FEF767FEBDE8BD
:1015B00020404FF000064FF000074FF000084FF0BA
:1015C000000BAC46ACE8C009ACE8C009ACE8C00907
:1015D000ACE8C00921F007018D46704710B5FFF750
:1015E000A9FC001D10BD00BFE181000010B504463C
:1015F000AFF300802046BDE81040FEF72ABE002869
:1016000001D0FFF791BC704710B5002102A000F097
:1016100053F8012010BD0000534947414252543A4B
:101620002041626E6F726D616C207465726D696EBF
:101630006174696F6E0000004FF0013C50F8042B9C
:1016400051F8043B9A4221D1A2EB0C03934313EAD5
:10165000CC1317D150F8042B51F8043B9A4215D102
:10166000A2EB0C03934313EACC130BD150F8042BD9
:1016700051F8043B9A4209D1A2EB0C03934313EABD
:10168000CC13DBD04FF00000704700BFD01A01BA76
:10169000B1FA81F101F0180122FA01F0CB40DBB27E
:1016A000C0B2C01AC1F120012CFA01F3D11A914342
:1016B00011EAC311E6D1704770B505460C460A2001
:1016C00000E06D1CFFF729FC35B128780028F8D11F
:1016D00002E0641CFFF721FC14B120780028F8D147
:1016E000BDE870400A20FFF718BC0000FEE70000CC
:1016F0007047000080B54FF4005000F0DBF84FF465
:10170000804000F0D7F84FF40040BDE8804000F082
:10171000D1B800004FF4807000F0CCB8EFF3108027
:1017200072B600BFFEE70000B0B5044600F0DCF979
:10173000054640F20500C2F200000078611C18BFA7
:10174000044400BF00F0D0F9401BA042FAD3B0BD62
:10175000002908BF70472DE9F04F81B040F20049E1
:1017600041F20042C4F20109C4F2010290424FF07A
:1017700004024FF000046FF01F05A9F57E7708BF43
:10178000032200921BE000BF0246BBF5807F24BF0E
:101790000432AA4616680F2303FA0AF326EA030363
:1017A000042606FA0AF633431360C26822EA0B02E3
:1017B000C260013431FA04F205F1040554D001226B
:1017C00002FA04F616EA010BF3D024F0030640F601
:1017D000000257F806C0C4F20102904213D040F64E
:1017E0000042C4F2010290420AD041F20002C4F267
:1017F0000102DDF80080904208BF4FF0020804E0CB
:101800004FF0010801E04FF0000805F1200A0AF04E
:101810000C060F2202FA06FE0CEA0E0208FA06F681
:10182000B242B1D1D9F8002040F20C4322EA0B02B7
:10183000C9F80020D9F80420C4F2010322EA0B02FF
:10184000C9F804201A68A60822EA0B021A60D9F81F
:10185000082022EA0B02C9F8082057F8262022EABD
:101860000E0247F826208FE701B0BDE8F04F704721
:10187000B0F5804F06DAB0F5807F0CD0B0F5005F90
:1018800007D07047B0F5004F03D0B0F5804F18BFB8
:101890007047282000E0172080B500F0FBFF40F2E1
:1018A000B400C2F2000000680121BDE8804003F0EE
:1018B000A3BD000040F21441C4F201010A680242D3
:1018C00014BF08607047FFF7D3BF00002DE9F04F49
:1018D00082B00E68002E00F0F78041F20042C4F2A0
:1018E0000102042340F2004E904208BF03234FF64A
:1018F000FF7CC4F2010E009300240123C1F2100CFE
:101900004FF0000A4FF000094AE041F20002C4F231
:101910000102009F904208BF022704F00C030F222F
:101920009A402BEA020207FA03F34FEA9A051A4398
:1019300046F825204E6840F20C45F202DEF80820F9
:1019400054BF22EA080242EA0802C4F20105CEF8B6
:1019500008202A68B30254BF22EA080242EA0802B9
:101960002A60B303DEF8042054BF22EA080242EAE8
:101970000802F303CEF80420DEF800204FF0010344
:1019800054BF22EA080242EA0802CEF800200E689C
:101990000AF1010A36FA0AF204F1040400F0948014
:1019A00003FA0AFB16EA0B08F1D04E68664511DC13
:1019B000122E51D8DFE806F0340A494650505050F4
:1019C000505050505050505050424D00D1F80C9053
:1019D00042E000BF4FF6FF72C1F2210296420FDCD7
:1019E0000022C1F2110296421AD00022C1F2120264
:1019F000964215D00022C1F22102964210D02BE06F
:101A00000022C1F2220296420AD00022C1F2310223
:101A1000964205D00022C1F2320296421CD100BF8C
:101A20008A6842B1012A14BFC0F814B0C0F810B0DF
:101A30004FF0080910E04FF004090DE0CA6802F108
:101A4000040909E04FF0000906E0CA6802F108093C
:101A500002E0CA6802F10C0902462646B8F5807F0A
:101A600024BF0432203E17680F25B54027EA05053C
:101A700009FA06F635431560CA79D2067FF587AFB5
:101A800041F21803C4F202031A68AEF57E7642F002
:101A900001021A601A6802F001020192019A2AF00A
:101AA000030256F802B040F60002C4F2010290426E
:101AB00008D040F60042C4F2010290427FF425AF04
:101AC00001272AE7002728E702B0BDE8F08F0000D1
:101AD0008068084018BF012070470000002A08BF36
:101AE000090401617047000042F68050C2F2000014
:101AF00000687047002804BF0120704710B52421FA
:101B000080F83D10016804460A6822F001020A606C
:101B100000F05AFD0020206484F83D00206384F822
:101B20003E0084F83C0010BD002804BF012070472F
:101B3000F0B581B0044690F83D0028B9002084F843
:101B40003C00204600F06EFD242084F83D00206813
:101B5000016821F001010160016841F40041016068
:101B6000016821F40041016000F0F0FF636848F271
:101B7000A16CC0F2010C40F60011C0F23D016345BA
:101B80003CBF48F28041C0F21E01884202D20120CF
:101B900001B0F0BD4DF68361C4F21B31A0FB011210
:101BA0002168970CD1F804E04FF496762EF03F05AB
:101BB00045EA92454D60774348F638160D6AC0F203
:101BC0004106A7FB067625F03F07634538BF960C14
:101BD000721C3A430A62CA6948F2A0664CF6FF7763
:101BE000C0F20106B34222EA070C0AD801385A00B3
:101BF000B0FBF2F001306FF31F30042898BF0420CF
:101C000020E0A2681927002A08BF032701385F4394
:101C1000B0FBF7F701373F0509D052B119225A43FB
:101C2000B0FBF2F00422013062F31F3008E0012023
:101C300008E003EB4302B0FBF2F001306FF31F301A
:101C400040F4004040EA0C00C8610868D4E907236A
:101C500020F0C000104318430860886848F2FF3243
:101C600004F10C0790438CCF18431043A669886099
:101C7000C86820F0FF0038433043C860086840F06F
:101C80000100086000202021206484F83D102063BA
:101C900084F83E0001B0F0BD2DE9F04782B09946CE
:101CA000924688460446FFF71FFF94F83D1020290E
:101CB00009D105462068806910F0020008D194F827
:101CC0003C00012828D10226304602B0BDE8F0874A
:101CD000012686EA500706E02068806910F00200BD
:101CE00086EA5007EBD0FFF7FFFE401B1A28F3D31C
:101CF000206880698007EFD500202021206384F8C8
:101D00003D1084F83E00216C41F020012164F90768
:101D100084F83C00D3D1D6E70121206884F83C1038
:101D20000168C90703D1016841F001010160016840
:101D300021F400610160212184F83D10102184F814
:101D40003E1000212164C4F824A0A4F82A90618DDB
:101D500021850021CFF6FF71E162E16A11F5803F34
:101D600018BF012924D1016841F4807101604069E4
:101D7000DDF8289010F0010037D180F0010609F15C
:101D800001070AE020684169C90717D02068406947
:101D900010F0010080F0010627D1002FF6D0FFF7E8
:101DA000A3FEB9F1000FEDD0401B4845EED9E9E79D
:101DB0000829D8D0216B1229D5D0D8E700212022BC
:101DC000216384F83D2084F83E10226C42F020020A
:101DD0002264F20784F83C1007D000680126C00591
:101DE00044BF4FF4007020646EE72069B0F5804F67
:101DF00001D1FE2125E0062000EAD8112068F0314B
:101E00000161416909071BD4416949053BD409F1C6
:101E1000010600BF66B1FFF767FEB9F1000F02D0FF
:101E2000401B484504D920684069000740F1D18033
:101E300020684169090703D441694905EAD522E0D0
:101E4000FF21206801EA080101614169890730D456
:101E50004169490517D409F1010600BF66B1FFF7D2
:101E600043FEB9F1000F02D0401B484504D9206859
:101E70004069800740F1AD8020684169890718D426
:101E800041694905EAD5016841F4007101606FF4C8
:101E90008061416100202021206384F83D1084F896
:101EA0003E00216C41F00401216484F83C000126CD
:101EB0000AE7002601962068416901918069019036
:101EC0000198208D002859D009F1010704E000BFD6
:101ED00020684069000663D5206850F8141F090681
:101EE0000DD40168490556D4002FF5D0FFF7FCFD4D
:101EF000B9F1000FECD0401B4845EDD9E8E7D4F824
:101F000024E02268704610F8013B13616062608D26
:101F100001386085B4F828C01046ACF10103238570
:101F200050F8141F49070DD519040BD09EF8011065
:101F300011610EF102016162618D01396185ACF1BF
:101F400002012185016806E020684069400727D525
:101F5000206850F8141F49070DD4016849051AD4A8
:101F6000002FF5D0FFF7C0FDB9F1000FECD0401BFA
:101F70004845EDD9E8E7208D0028ADD120680168FB
:101F800041F400710160202084F83D0084F83E6037
:101F900084F83C6098E66FF480610160042000E002
:101FA000202000212022216384F83D2084F83E1067
:101FB000226C1043206484F83C10206C042806D165
:101FC00020680126016841F4007101607CE6012669
:101FD0007AE600202021206384F83D1084F83E003A
:101FE000216C41F020015FE72DE9F04F85B00446F8
:101FF0000020984692468B460490FFF775FD94F8B2
:102000003D10202909D105462068806910F00200A2
:1020100007D194F83C00012828D1022005B0BDE882
:10202000F08F012686EA500707E000BF206880692C
:1020300010F0020086EA5007EBD0FFF755FD401B79
:102040001A28F3D3206880698007EFD5002020216B
:10205000206384F83D1084F83E00216C41F020019B
:102060002164F90784F83C00D3D1D6E70121226826
:1020700084F83C101368DDE90F090E99DB0703D1E2
:10208000136843F001031360136823F400631360C3
:10209000222284F83D20402284F83E20002222643F
:1020A00061626085608D594620850020CFF6FF7003
:1020B000E062204652464346CDE9009501F034FDEA
:1020C00018B1012005B0BDE8F08F208D022826D080
:1020D00001280ED0002838D10020039020684169E3
:1020E0000391816903910399016841F400710160D2
:1020F00037E02068016821F480610160EFF310800F
:1021000072B60020039020684169039181690391B0
:102110000399016841F40071016062B621E0206812
:10212000016841F400610160EFF3108072B6002095
:1021300003902068416903918169039103990168C3
:1021400021F48061016062B60BE02068016841F40F
:1021500080610160002103914169039180690390CE
:102160000398218D002900F0218140F200064FF0F4
:10217000010A09F10107C2F200064FF023082068A6
:10218000032950F8142F1ED8022952D001296CD1EE
:1021900051060BD5F9E020684069400640F12681E0
:1021A000206850F8141F490600F1EF800168C90645
:1021B00000F10381FFF798FCB9F1000FEBD0401B51
:1021C0004845EDD9E7E7510626D52068616A0069E0
:1021D0000870606A228D0130013A606222852168B0
:1021E000638D013B63854B695B0740F1DB8092B2F5
:1021F000032A03D10A6822F480620A600969017027
:10220000C7E000BF20684069400640F1EF802068C9
:1022100050F8141F4906D8D40168C90600F1CD80D2
:10222000FFF762FCB9F1000FECD0401B4845EED936
:10223000E8E712F0040046D18AEA900B0AE0206831
:10224000406940072ED52068406910F004008AEAF2
:10225000900B38D1002FF6D0FFF746FCB9F1000FF4
:10226000EDD0401B4845EED9E9E7B34612F0040033
:102270004FD18AEA90060AE020684069400738D5C5
:102280002068406910F004008AEA900641D1002FCE
:10229000F6D0FFF729FCB9F1000FEDD0401B4845FF
:1022A000EED9E9E700212020216384F83D0084F87D
:1022B0003E10206C40F0200020645FEACB7084F870
:1022C0003C107FF4FEAEEFF3108072B62068616AB6
:1022D000026842F40072026000690870606A218D31
:1022E00001306062481E2085608D0138608562B6CD
:1022F0004BE000212020216384F83D0084F83E104B
:10230000206C40F020002064F00784F83C107FF43B
:10231000D8AE20684BF289520168C1F2F84221F42C
:1023200080610160EFF3108072B62068616A006915
:102330005E460870606A218D013001396062218536
:10234000618D01396185DBF80010C908A1FB02121B
:10235000110A01FB08F104910499013904910499CF
:10236000B9B321684A695207F6D50A6842F4007287
:102370000A6009690170606A218D01306062481E3F
:102380002085608D0138608562B62068616A0069C9
:102390000870606A218D01306062481E2085608D62
:1023A00001386085218D00297FF4E9AE202084F872
:1023B0003D00002084F83E0024E06FF01001016031
:1023C00000202021206384F83D1084F83E00206C1A
:1023D00016E000202021206384F83D1084F83E00A0
:1023E000206C40F02000206462B60AE0002020212A
:1023F000206384F83D1084F83E00206C40F02000FB
:1024000020640120002184F83C1005B0BDE8F08F65
:102410002DE9F04F83B0994692468B460446FFF76C
:1024200063FB94F83D10202909D105462068806996
:1024300010F0020007D194F83C00012828D10220B6
:1024400003B0BDE8F08F012787EA500607E000BF20
:102450002068806910F0020087EA5006EBD0FFF791
:1024600043FB401B1A28F3D3206880698007EFD50F
:1024700000202021206384F83D1084F83E00216C68
:1024800041F020012164F10784F83C00D3D1D6E764
:102490000121226884F83C101368DDE90D080C99CD
:1024A000DB0703D1136843F001031360136823F4BF
:1024B00000631360212284F83D20402284F83E20EE
:1024C0000022226461626085608D5946208500206B
:1024D000CFF6FF70E062204652464B46CDE90085BC
:1024E00001F05AFC00286AD1208DC0B308F1010622
:1024F00004E000BF2068406900064BD5206850F812
:10250000141F09060DD4016849053ED4002EF5D0EC
:10251000FFF7EAFAB8F1000FECD0401B4045EDD9C7
:10252000E8E7606A2168034613F8012B0A61228DEF
:102530006362531E2385678D013F67854F697F075F
:102540000AD51B0408D0437802300B616062901EEC
:102550002085608D01386085208D0028CED12046F1
:1025600041462A4601F03EFD08BB2068016841F45F
:1025700000710160202084F83D00002084F83E00B6
:1025800084F83C0003B0BDE8F08F6FF48061016017
:10259000042000E0202000212022216384F83D2037
:1025A00084F83E10226C1043206484F83C10206CA8
:1025B000042804D12068016841F400710160012001
:1025C00003B0BDE8F08F0000B0B5006845F20041EF
:1025D000C4F2000188420DD045F60001C4F20001AA
:1025E000884218BFB0BD4FF400644FF480616FF4AF
:1025F000800003E0802440216FF4001041F21C02AF
:10260000C4F20202136840F600451840C4F2010506
:1026100010602846FFF79CF828462146BDE8B040E8
:10262000FFF796B810B586B0006845F60001C4F211
:10263000000188424FF00001CDE90411CDE90211FB
:1026400027D045F20041C4F20001884245D141F251
:102650001804C4F20204206802A940F008002060B7
:10266000206800F0080001900198C020029012201C
:1026700003900320059040F60040C4F20100FFF7EC
:1026800025F9606840F400106060606800F4001094
:1026900021E041F21804C4F20204206802A940F0CB
:1026A00008002060206800F00800019001984FF4B5
:1026B00040600290122003900320059040F60040F5
:1026C000C4F20100FFF702F9606840F48000606026
:1026D000606800F480000190019806B010BD000011
:1026E000002804BF0120704770B504460068D4E993
:1026F00001124CF6CC43036045F255530360416030
:102700008260FFF7F1F92168CA68920713D0054685
:1027100041F23D3604E000BF2168C86880070AD056
:10272000FFF7E2F9401BB042F6D32068C06880078B
:10273000F2D0032070BD4AF6AA200860002070BDC8
:1027400001684AF6AA2200200A60704740F205009C
:1027500042F68051C2F20000C2F2000100780A681D
:10276000104408607047000080B542F20000C4F2D7
:102770000200016841F010010160032000F0DAF866
:102780000F2000F005F800F05DF8002080BD00008B
:10279000B0B586B041F21C01C4F202010A680446D9
:1027A00042F004020A60096801A801F004010191E5
:1027B0000199694600F0A8F9049D002D18BF012574
:1027C00000F0C4F94DF68361A840C4F21B31A0FBB0
:1027D00001014FF0FF3000EB914140F24C2040F6F8
:1027E0000002C2F20000C4F2000240F2E73300250A
:1027F000C0E90021C0E902530561856100F0D2FB08
:1028000008B106B0B0BD40F24C20C2F2000000F0AA
:1028100055FC0028F5D105461E2000F04DF80F2C80
:102820000CD81E202146002200F058F840F2080083
:10283000C2F200000460284606B0B0BD012006B018
:10284000B0BD000080B582B041F21800C4F20200B1
:102850000168002241F001010160016801F00101FD
:1028600001910199416841F08051416040680F2118
:1028700000F08050009000986FF0010000F02EF8FA
:102880000420C4F201000168022262F31A610160AF
:1028900002B080BD002848BF704700F01F01012230
:1028A00002FA01F11C2202EAD0004EF28022CEF29E
:1028B0000002815070470000002848BF704700F0B8
:1028C0001F01012202FA01F11C2202EAD0004EF29D
:1028D0000012CEF2000281507047000010B54EF693
:1028E0000C5CCEF2000CDCF80030C3F3022E8EF04C
:1028F0000704042C28BF0424BEF103034FF0FF3E5D
:102900000EFA04F438BF0023A14399400EFA03F3F2
:102910009A43114300F1604200F00F03090102F5F0
:102920006442043B6344002848BF03F10C02117069
:1029300010BD00004EF60C51CEF200010A684FF6B1
:10294000FF031A4060F30A2242F0806040F0FD70FD
:1029500008607047002804BF012070472DE9F0434C
:1029600081B042F20008C4F202080446D8F8000020
:102970000D4600F0070081420CD9D8F8000020F085
:1029800007002843C8F80000D8F8000000F007004E
:10299000A8426BD1206841F204098107C4F2020900
:1029A00017D5410705D5D9F8001041F4E061C9F801
:1029B0000010010705D5D9F8001041F46051C9F89D
:1029C0000010D9F80010A26821F0F0011143C9F8F5
:1029D0000010C00741D1D8F8000000F00700854280
:1029E0000CD2D8F8000020F007002843C8F80000F7
:1029F000D8F8000000F00700A84237D1206841074E
:102A000007D5D9F80010E26821F4E0611143C9F854
:102A10000010000708D5D9F80000216920F46050A3
:102A200040EAC100C9F80000D9F8002002F00C000B
:102A3000082841F20020C0F27A0049D149F63473E7
:102A4000C2F38341C0F60003595CD20334D440F68C
:102A50000010C0F23D0048433AE0606859F8041C99
:102A6000022807D0012824D1890305D4012001B010
:102A7000BDE8F0838901F9D5D9F8001021F00301F0
:102A80000843C9F80000FFF72FF8064641F28837DF
:102A9000D9F80000616800F00C00B0EB810F9AD00B
:102AA000FFF722F8801BB842F2D9032001B0BDE83D
:102AB000F0838907DAD5DFE7D9F8002049F6C86343
:102AC000C2F34042C0F600039A5C4843B0FBF2F008
:102AD000D9F8001049F6B062C1F30311C0F6000244
:102AE000515C40F2000220FA01F140F20800C2F20B
:102AF00000000068C2F200021160FFF749FE0020EA
:102B000001B0BDE8F08300000F22026041F2040230
:102B1000C4F20202136803F003034360136803F076
:102B2000F0038360136803F4E063C36012684FF43A
:102B3000E06303EAD202026142F20000C4F2020042
:102B4000006800F0070008607047000040F20000D5
:102B500041F20401C2F20000C4F2020100680968F7
:102B600049F6C062C1F30221C0F60002515CC840C0
:102B70007047000040F2000041F20401C2F2000080
:102B8000C4F202010068096849F6C062C1F3C221BB
:102B9000C0F60002515CC84070470000002804BF26
:102BA000012070472DE9F04182B00446007841F2DF
:102BB0000006C007C4F2020647D0706800F00C009F
:102BC000042808D1306880033FD56068E8BB012045
:102BD00002B0BDE8F081706800F00C00082802D156
:102BE0007068C003EED4656830682DB1B5F5A02FCC
:102BF00009D0B5F5803F0AD020F4803030603068CD
:102C000020F4802005E040F480203060306840F4FB
:102C100080303060FEF768FF002D054612D000BFFF
:102C20003068800311D4FEF75FFF401B6428F7D99A
:102C300016E100BFFEF758FF401B64284FF0030069
:102C400000F2D88030688003F4D42078800719D54A
:102C5000706810F00C0F07D0706800F00C000828A6
:102C600027D17068C00324D43068800703D5206959
:102C7000012840F0A6803068616920F0F80040EA41
:102C8000C1003060207800074ED5A06938B300201D
:102C9000C4F242200121C0F88014FEF725FF05464A
:102CA000706A80072DD4FEF71FFF401B0228F7D95A
:102CB000D6E02069002840F20000C4F2422000F073
:102CC000A88001210160FEF70FFF054630688007EC
:102CD000D1D4FEF709FF401B0228F7D9C0E000203D
:102CE000C4F242200021C0F88014FEF7FDFE054624
:102CF000706A800718D5FEF7F7FE401B0228F7D947
:102D0000AEE040F20000C2F20000006844F6D35189
:102D1000C1F26201A0FB0101480A019000BF0198C5
:102D2000411E00280191F9D12078400717D4E569A8
:102D30008DB1706800F00C00082846D1012D40D0FC
:102D40007068216A00F480328A423AD1616A00F4E4
:102D50007010884235D1002002B0BDE8F081F069E2
:102D60005FEAC00808D4F06940F08050F061F06973
:102D700000F080500090009847F20007C4F200076E
:102D80003868C0050FD4386840F480703860FEF7AA
:102D9000ABFE05463868C00505D4FEF7A5FE401B0E
:102DA0006428F7D95CE0E568306A1DB1052D41D093
:102DB000012D43D020F001003062306A20F0040081
:102DC0003EE0012002B0BDE8F0810027C4F24227B6
:102DD00000203866FEF788FE022D05460ED100BFA2
:102DE0003068800153D5FEF77FFE401B02284FF06C
:102DF0000300F5D902B0BDE8F08100BF3068800162
:102E0000A9D5FEF771FE401B02284FF00300F5D94B
:102E1000F0E700210160FEF767FE05463068800795
:102E20007FF530AFFEF760FE401B02284FF0030035
:102E3000F4D9DFE740F004003062306A40F001006E
:102E40003062FEF751FE002D054641F2883712D060
:102E5000306A800712D4FEF747FE401BB842F7D90C
:102E6000032002B0BDE8F081FEF73EFE401BB842F1
:102E70004FF00300BED8306A8007F5D4B8F1000FD8
:102E80003FF555AFF06920F08050F0614FE7206AC0
:102E9000B0F5803F05D17168A26821F4003111437B
:102EA00071607168626A21F47411114308437060A3
:102EB00001203866FEF718FE044600BF3068800126
:102EC0003FF549AFFEF710FE001B02284FF003004C
:102ED000F4D98FE7704700007047000090F83C205D
:102EE000012A04BF02207047B0B501F108053CCDAE
:102EF000D1E900CE23F47C5322F470521A432EF40D
:102F0000F0431A432CF4E0431A4324F4C0431A4319
:102F10002A43C96922F4804203681143596400219D
:102F200080F83C100020B0BD90F83C20012A4FF002
:102F3000020234D010B5012380F83C3080F83D20E7
:102F40000268D2F804E0D2F808C00C682EF07003D2
:102F5000234340F2FF74C4F20004A242536005DC34
:102F6000B2F1804F0ED040F2004307E042F600433A
:102F7000C4F201039A4205D040F60003C4F20003F4
:102F80009A4204D149682CF08003194391600121D1
:102F9000002280F83D1080F83C20BDE8104010462B
:102FA00070470000002804BF0120704710B590F85A
:102FB0003D1031B9002180F83C10044600F066F85D
:102FC0002046022180F83D10016840F2FF740B6832
:102FD000C4F2000442F6004CA142C4F2010C05DC2C
:102FE000B1F1804F0AD040F2004203E0614505D0C4
:102FF00040F60002C4F20002914203D1826823F03D
:1030000070031343A14205DCB1F1804F0AD040F2B6
:10301000004203E0614505D040F60002C4F2000220
:10302000914203D1026923F440731343846923F06E
:103030008002D0F804E0C368224361450A60CB6295
:10304000C1F828E002D14269CCF8302001224A615F
:103050000B69DB0703D00B6923F001030B6180F8D8
:10306000462080F83E2080F83F2080F8402080F8FD
:10307000412080F8422080F8432080F8442080F8E6
:10308000452080F83D20002010BD0000006842F679
:103090000041C4F20101884218BF704781B041F27B
:1030A0001800C4F20200016841F400610160006888
:1030B00000F400600090009801B0704790F83D1057
:1030C00001291CBF01207047022180F83D100068D3
:1030D00040F2FF72C168C4F20002904241F0010167
:1030E000C16005DCB0F1804F0ED040F2004107E036
:1030F00042F60041C4F20101884205D040F60001C9
:10310000C4F20001884206D1816801F00701062956
:1031100004BF00207047016841F0010101600020F8
:103120007047000090F83C20012A4FF002026ED058
:1031300080B5012380F83C3080F83D20D0F800C0F5
:103140004FF67772DCF8083023EA0202CCF8082048
:103150000B684F2B28DC1F2B44DD202B45D0302B58
:1031600043D0402B40F0AC80D1F804E0C968DCF8D3
:103170002030DCF8202022F00102CCF82020DCF8FE
:10318000182022F0F00242EA011123F00A0242EA7A
:103190000E02CCF81810CCF82020DCF8081041F012
:1031A000470121F0300127E06F2B32DDB3F5005FDE
:1031B00073D0B3F5805F21D0702B40F08180D1E9CE
:1031C00001E3C968DCF8082043EA0E0322F47F42D9
:1031D00043EA01211143CCF80810DCF8081041F053
:1031E000770109E00BB1102B6AD1DCF8081021F04F
:1031F0007001194341F00701CCF8081000220121A9
:1032000080F83D10002180F83C10BDE88040104659
:103210007047502B21D0602B52D1D1F804E0C968FF
:10322000DCF82030DCF8202022F01002CCF820203E
:10323000DCF8182022F4704242EA013123F0A002A7
:1032400042EA0E12CCF81810CCF82020DCF8081056
:1032500041F0670121F01001CEE7D1F804E0C96820
:10326000DCF82030DCF8202022F00102CCF820200D
:10327000DCF8182022F0F00242EA011123F00A02E1
:1032800042EA0E02CCF81810CCF82020DCF8081026
:1032900041F0570121F02001AEE7D1E901E3C9680F
:1032A000DCF8082043EA0E0322F47F4243EA0121BE
:1032B0001143CCF80810DCF8081041F480419BE77A
:1032C00001229CE77047000070B504460068C5689D
:1032D0000669B10716D515F0020113D06FF002018F
:1032E0000161012121778069800703D02046FFF723
:1032F000E9FF05E0204600F0DFF8204600F07CFA08
:1033000000202077700718D515F0040015D020682C
:103310006FF00401016102212177806910F4407F80
:1033200003D02046FFF7CEFF05E0204600F0C4F8AA
:10333000204600F061FA00202077300717D515F0FD
:10334000080014D020686FF0080101610421217782
:10335000C069800703D02046FFF7B4FF05E0204690
:1033600000F0AAF8204600F047FA00202077F00687
:1033700018D515F0100015D020686FF0100101610C
:1033800008212177C06910F4407F03D02046FFF761
:1033900099FF05E0204600F08FF8204600F02CFA57
:1033A00000202077F00718BF15F0010002D1300689
:1033B00009D412E020686FF001010161204600F09D
:1033C00079FA300609D515F0800006D020686FF034
:1033D000800101612046FFF77DFD700609D515F0DB
:1033E000400006D020686FF040010161204600F0E7
:1033F0006BFAB00658BF70BD15F0200008D02168E8
:103400006FF0200220460A61BDE87040FFF764BDFE
:1034100070BD000080B586B000680021B0F1804F1B
:10342000CDE90411039102912AD040F20041C4F287
:103430000001884215D042F60041C4F201018842E1
:1034400037D141F21800C4F20200016841F00401D2
:103450000160006800F00400019001984FF40060E2
:103460001CE041F21800C4F20200016841F00401BE
:103470000160006800F004000190019840200DE018
:1034800041F21800C4F20200016841F00401016039
:10349000006800F0040001900198012002900220D1
:1034A0000390059040F60000C4F2010002A9FEF767
:1034B0000DFA06B080BD00007047000090F83C3067
:1034C000012B04BF022070474FEAB2020123032AF6
:1034D00080F83C3000F2EC802DE9F041DFE802F0AA
:1034E00002A63B76036842F600451C6A1A6AC4F2DB
:1034F000010522F001021A621A46D3F804C052F8FC
:1035000018EF8E6824F00204AB4244EA060405D1A9
:10351000CE6824F00C0426F0040634430E68AB4257
:1035200006D1D1E905582CF440772F4347EA080C1F
:103530002EF073073743C3F804C09F614F680969D1
:103540005F631C629F6947F008079F619F6927F0CE
:1035500004079F61A6E0036842F600451C6A1A6AE8
:10356000C4F2010522F480721A621A46D3F804C02C
:1035700052F81CEF8E6824F40074AB4244EA06242F
:1035800007D1CE6840F2FF47360224F44064BE43C0
:1035900034430E68AB4206D1D1E905572CF4405CA8
:1035A0003D434CEA051C2EF073073743C3F804C0B3
:1035B000DF614F680969DF631C62DF6947F0080754
:1035C000DF61DF6927F00407DF616BE0036842F623
:1035D0000047D3F820C01A6AC4F2010722F48052CF
:1035E0001A621A465C6852F81C5FD1F800E08E68D7
:1035F000BB4204D14F6924F4804444EA87142CF47C
:10360000005747EA063725F4E64646EA0E265C6090
:10361000DE614E6809691E641F62DF6947F4006756
:10362000DF61DF6927F48067DF613AE0036842F613
:1036300000451C6A1A6AC4F2010522F010021A62DF
:103640001A46D3F804C052F818EF8E6824F020040C
:10365000AB4244EA061407D1CE686FF0400724F06D
:10366000C00407EA061634430E68AB4206D1D1E91E
:1036700005572CF4406C3D434CEA850C2EF4E6478C
:1036800047EA0627C3F804C09F614F6809699F6332
:103690001C629F6947F400679F619F6927F48067F8
:1036A0009F6109021368194300231160BDE8F041CE
:1036B000002180F83C10184670470000002804BF25
:1036C0000120704710B590F83D1031B9002180F805
:1036D0003C10044600F066F82046022180F83D10B8
:1036E000016840F2FF740B68C4F2000442F6004C1B
:1036F000A142C4F2010C05DCB1F1804F0AD040F2C6
:10370000004203E0614505D040F60002C4F2000229
:10371000914203D1826823F070031343A14205DC78
:10372000B1F1804F0AD040F2004203E0614505D07C
:1037300040F60002C4F20002914203D1026923F470
:1037400040731343846923F08002D0F804E0C36817
:10375000224361450A60CB62C1F828E002D1426988
:10376000CCF8302001224A610B69DB0703D00B69DA
:1037700023F001030B6180F8462080F83E2080F89A
:103780003F2080F8402080F8412080F8422080F8D7
:10379000432080F8442080F8452080F83D20002018
:1037A00010BD000082B0006840F20041C4F2000188
:1037B000884211D0B0F1804F1BD141F21C00C4F2FD
:1037C0000200016841F001010160006800F00100A1
:1037D0000190019802B0704741F21C00C4F202004F
:1037E000016841F002010160006800F002000090F1
:1037F000009802B07047000070470000412208297D
:1038000008BF4022042908BF3F22002908BF3E22EA
:10381000825C012A1CBF01207047022241B10829A5
:1038200009D0042914BF80F8412080F83F2004E02B
:1038300080F83E2001E080F84020006801F01F0180
:103840000122036A8A4023EA02010162036A42F606
:103850004441C4F201011A43A1F1440398420262B7
:1038600003D10A6842F400420A6040F2FF71C4F2D8
:103870000001884205DCB0F1804F0ED040F20041DB
:1038800007E042F60041C4F20101884205D040F64B
:103890000001C4F20001884206D1816801F00701ED
:1038A000062904BF00207047016841F00101016052
:1038B00000207047006840F60001C4F20001884211
:1038C00018BF7047FEF742BF70470000002804BFD2
:1038D0000120704710B5044690F8410028B9002037
:1038E00084F84000204600F061F8242084F841006C
:1038F0002068D4E90212C36823F40053C36003694B
:1039000023F440531A430261D4E904231143C268EB
:10391000194341F20C639A431143C1604169A269A2
:1039200021F44071114343F60002C4F201029042B7
:10393000416102D0FFF70AF901E0FFF71BF9D4E972
:103940000023192148439900B0FBF1F048F21F5CB5
:10395000C5F2EB1CA0FB0C314FF69C734909C0F675
:10396000FF7301FB0300322303EB0010A0FB0C03E9
:10397000F02000EA531000EB0110C3F34311084498
:1039800090601069202120F490401061506920F06F
:103990002A005061D06840F40050D060002060647C
:1039A00084F8411084F84210606310BD70B586B091
:1039B00040F60004C4F201040068A4F54441002666
:1039C00088420596CDE90366029601D006B070BD27
:1039D00041F21800C4F20200416802AD41F4003126
:1039E0004160416801F4003101910199016841F0A1
:1039F000040101600068294600F00400019001986C
:103A00000420029002200390032005902046FDF739
:103A10005DFF0820CDE90206204629460496FDF701
:103A200055FF06B070BD00002DE9F04381B004469B
:103A300090F84100202809D1884600294FF0010064
:103A400018BF002A06D101B0BDE8F083022001B002
:103A5000BDE8F0830020606421201D4684F8410009
:103A60001646FEF741F8A684E684A1680646B1F53D
:103A7000805F02D1206900284DD0C1464FF0000878
:103A8000E08C40B36F1C0BE0B9F1000F1AD019F8AD
:103A9000010B21684860E08C0138E084E08CD0B1F3
:103AA000206800680006EFD4002FF9D0FEF71CF85C
:103AB00001464FF0030045B3891BA94225D8206871
:103AC000C068EDE738F8020B21686FF35F204860AB
:103AD0004FF00009DFE720680068400614D46F1C2F
:103AE00004E000BF2068006840060DD4002FF9D024
:103AF000FDF7FAFF01464FF0030035B1891BA942DB
:103B000003D82068C068EDE70020202184F8411028
:103B100001B0BDE8F0834FF00009B1E7FEE7000017
:103B2000012000F031BA00002DE9F04F83B00446C7
:103B30000068DDF834B00C9E0768994647F480674A
:103B400007600768904647F48073036040698A46BF
:103B500010F001002AD180F00107751C0BE000BFB6
:103B600020684069C00711D02068406910F001004A
:103B700080F001071AD1002DF6D0FDF7B5FF002E19
:103B8000EED0A0EB0B00B042EED9E9E700202021F7
:103B9000206384F83D1084F83E00216C41F0200140
:103BA0002164F90784F83C0040F0B78020680AF0EF
:103BB000FE0AC0F810A0416989072CD44169490563
:103BC00014D4771C5FB1FDF78FFF1EB1A0EB0B0083
:103BD000B04204D920684069800740F1D180206854
:103BE0004169890717D441694905EBD5016841F45A
:103BF000007101606FF48061416100202021206329
:103C000084F83D1084F83E00216C41F004012164E9
:103C100084F83C00B0E000200290206850F8141FA7
:103C20000291416802910299016809061AD4771C31
:103C30000AE000BF20684069000640F188802068E3
:103C400050F8141F09060DD40168490551D4002FFE
:103C5000F5D0FDF749FF002EECD0A0EB0B00B042F1
:103C6000EDD9E7E72068B9F1010F21D04FEA18211B
:103C7000016150F8141F090619D4771C09E000BF30
:103C800020684069000662D5206850F8141F0906B4
:103C90000DD4016849052CD4002FF5D0FDF724FF81
:103CA000002EEDD0A0EB0B00B042EDD9E8E7206884
:103CB0005FFA88F10161206850F8141F09061DD4CD
:103CC000771C08E020684069000640D5206850F85D
:103CD000141F090612D4016849050AD4002FF5D033
:103CE000FDF702FF002EEDD0A0EB0B00B042EDD9A6
:103CF000E8E76FF480610160042029E02068002279
:103D00000168334641F48071016020464FF0011193
:103D1000CDF800B000F0A0F950B120680068C005EF
:103D200044BF4FF400702064032003B0BDE8F08F5F
:103D300025684AF001070221C0F2010120463246FF
:103D40005B462F6103B0BDE8F04F00F0C9B92020F9
:103D500000212022216384F83D2084F83E10226C4B
:103D60001043206484F83C10206C042804D120689F
:103D7000016841F400710160012003B0BDE8F08FDB
:103D800000202021206384F83D1084F83E00216C3F
:103D900041F020013BE700002DE9F04F81B00446DF
:103DA000006890460268DDF82CA042F48072026040
:103DB00040690A9E994610F001008B4634D180F08C
:103DC0000105771C0BE000BF20684069C00711D0D7
:103DD0002068406910F0010080F0010524D1002F17
:103DE000F6D0FDF781FE002EEED0A0EB0A00B04227
:103DF000EED9E9E700202021206384F83D1084F803
:103E00003E00216C41F020012164E90784F83C0068
:103E10000AD020680068C00544BF4FF400702064D9
:103E2000032001B0BDE8F08F20680BF0FE010161B6
:103E3000416989072DD44169490515D4751C00BF16
:103E40005DB1FDF751FE1EB1A0EB0A00B04204D9EE
:103E500020684069800740F18C80206841698907AB
:103E600017D441694905EBD5016841F4007101603F
:103E70006FF48061416100202021206384F83D10AF
:103E800084F83E00216C41F00401216484F83C0078
:103E90006BE000200090206850F8141F00914168EA
:103EA000009100990168090619D4751C09E000BF4A
:103EB00020684069000643D5206850F8141F0906A1
:103EC0000DD4016849052ED4002DF5D0FDF70CFE68
:103ED000002EEDD0A0EB0A00B042EDD9E8E7206853
:103EE000B9F1010F25D04FEA1821016150F8141FD4
:103EF00009061DD4751C08E02068406900061FD51E
:103F0000206850F8141F090612D4016849050AD424
:103F1000002DF5D0FDF7E8FD002EEDD0A0EB0A0056
:103F2000B042EDD9E8E76FF480610160042008E059
:103F300020685FFA88F10161002001B0BDE8F08FD0
:103F4000202000212022216384F83D2084F83E10A7
:103F5000226C1043206484F83C10206C042804D1A7
:103F60002068016841F400710160012001B0BDE8E2
:103F7000F08F00202021206384F83D1084F83E005B
:103F8000216C41F0200180E710B501280CD0C8B9A0
:103F900040F64C04C2F20004206810B100F04CF965
:103FA00090B14FF0FF3010BD40F21410C2F200008B
:103FB000FDF7A0FD4FF480604FF4006100F0D2F8EF
:103FC00000F0E2FB002010BD2068FDF793FD4020CB
:103FD000802100F0C7F800F0B5FB00F087F9002061
:103FE00010BD0000F0B581B004460068154650F8D9
:103FF000143F5A0718D40E464F1C08E02068406949
:10400000400719D5206850F8141F49070CD40168DF
:1040100049050CD4002FF5D0FDF766FD002EEDD03C
:10402000401BB042EED9E9E7002001B0F0BD6FF4CB
:1040300080610160042000E0202000212022216313
:1040400084F83D2084F83E10226C1043206484F8EC
:104050003C10012001B0F0BD2DE9F047DDF82080D3
:1040600099461646044601F47F0018278DB203F1E5
:10407000010AB0F5803F08BF142708E02068C05946
:104080002840401BB0FA80F04009864218D02068D2
:10409000C0592840401BB0FA80F0400986420CD13C
:1040A000BAF1000FF3D0FDF71FFDB9F1000FE5D015
:1040B000A0EB08004845EAD9E0E70020BDE8F0871A
:1040C00000202021206384F83D1084F83E00216CFC
:1040D00041F02001216484F83C000120BDE8F08714
:1040E0002DE9F04104460068984643698FB203EA1F
:1040F0000701B94202D10020BDE8F08141694905BC
:1041000017D41646551C00BF5DB1FDF7EDFC1EB17E
:10411000A0EB0800B04204D9206840693840B8429A
:104120001ED1206841693940B942E4D0416949054E
:10413000EAD5016841F4007101606FF4806141616A
:10414000042000212022216384F83D2084F83E10C1
:10415000226C10432064012084F83C10BDE8F081FB
:104160002020EEE7F0B585B00646112040F6004568
:1041700002900120C4F201050390022001AF0C4619
:104180000490284639460196FDF7A0FB284639469B
:104190000194FDF79BFB284621460122FDF79EFC7A
:1041A000092700BF284631460022FDF797FC012071
:1041B000FDF7BAFA284631460122FDF78FFC0120AF
:1041C000FDF7B2FA013FEDD1284621460022002733
:1041D000FDF784FC00970098092805DC0098013061
:1041E000009000980A28F9DB284631460122FDF7A5
:1041F00075FC00970098092806DC00BF0098013084
:10420000009000980A28F9DB284621460122FDF794
:1042100065FC002000900098092805DC009801301A
:10422000009000980A28F9DB05B0F0BD40F64C017B
:10423000C2F200010860704740F27000C2F2000054
:104240000068002804BF0020704780B50A2101F0F3
:104250004FF8002818BF4FF0FF3080BD2DE9F04126
:1042600084B0012836D840F64C07C2F200073C68FB
:1042700084B320B10520C0B204B0BDE8F081002BAA
:104280004FF00400F7D00A9F002FF4D01D460E46D1
:104290009046FFF7D1FF08B10120ECE74FF0050C85
:1042A0002046314642460123CDE90057CDF808C0EB
:1042B000FDF79AFE044600F019F8032C08D8E00038
:1042C00040F20021C0B2C0F2011121FA00F0D2E7A1
:1042D0000220D0E74AF273004AF28201C0F60000E1
:1042E000C0F600013A22FCF7FBF8000040F2700033
:1042F000C2F200000068002808BF704701F05EB8F5
:104300002DE9F04184B0012836D840F64C07C2F2BE
:1043100000073C6884B320B10520C0B204B0BDE8FA
:10432000F081002B4FF00400F7D00A9F002FF4D04B
:104330001D460E469046FFF77FFF08B10120ECE7CF
:104340004FF0050C2046314642460123CDE9005787
:10435000CDF808C0FEF75CF80446FFF7C7FF032C52
:1043600008D8E00040F20021C0B2C0F2011121FAE9
:1043700000F0D2E70220D0E74AF273004AF282014D
:10438000C0F60000C0F600011B22FCF7A9F80000EF
:10439000B0B582B004460020ADF80600080A8DF8DA
:1043A00006008DF8071002250DF106032046802136
:1043B00005220095FFF7A4FF08B102B0B0BD42F29C
:1043C0004170ADF806000DF1060320468021002261
:1043D0000095FFF795FF02B0B0BD0000F0B583B0C7
:1043E000064600204FF00407ADF80A00E2B10D4682
:1043F00008460021144605F0ADFAA8B902270DF1D0
:104400000A033046802104220097FFF727FF074662
:1044100050B9BDF80A00C0BA05F006FB01462846AF
:1044200005F082FB00272060384603B0F0BD000095
:10443000F0B583B0064600204FF00407ADF80A003F
:10444000E2B10D4608460021144605F083FAA8B9EA
:1044500002270DF10A033046802102220097FFF760
:10446000FDFE074650B9BDF80A00C0BA05F0DCFAF7
:104470000146284605F058FB00272060384603B067
:10448000F0BD000000061CBF0220704710B540F2CE
:104490000400C2F20000002102240170002040F25A
:1044A000AA61FFF775FF012803D1002CA4F10104D4
:1044B000F4D1002818BF012010BD000070B50C46D3
:1044C00005460226002029462246FFF787FF0128DD
:1044D00003D1002EA6F10106F4D1002818BF012057
:1044E00070BD000070B50C46054602260020294626
:1044F0002246FFF79DFF012803D1002EA6F10106F9
:10450000F4D1002818BF012070BD000082B004F073
:1045100077FA40F26814C2F2000401AD019000BFC6
:104520002046FEF70DF928464FF4967103F054F932
:10453000F6E7000080B549F60070C0F6000000F014
:10454000F9FE40F2B001C2F20001086049F6CC6009
:10455000C0F6000000F0EEFE40F27001C2F2000171
:10456000086049F66870C0F6000000F0E3FE40F213
:10457000BC01C2F20001086044F6914049F6447261
:10458000C0F60000C0F60002002100F0D1FF40F2AA
:10459000B801C2F20001086044F6097049F61072D1
:1045A000C0F60000C0F60002002100F0C1FF40F29A
:1045B000B401C2F20001086044F6196049F6DC62F9
:1045C000C0F60000C0F60002002100F0B1FF40F28A
:1045D0007C01C2F20001086045F6E17049F6C07244
:1045E000C0F60000C0F60002002100F0A1FF40F676
:1045F0005401C2F20001086046F2811049F6E472EB
:10460000C0F60000C0F60002002100F091FF40F665
:104610005801C2F20001086045F6696049F69C72D3
:10462000C0F60000C0F60002002100F081FF40F655
:104630005001C2F20001086044F20D5049F6787250
:10464000C0F60000C0F60002002100F071FF40F249
:10465000DC21C2F20001086080BD00002DE9F047B6
:1046600086B04FF0000841F21800CDE90488CDE98A
:104670000288C4F20200016840F6000441F0100113
:1046800001600168C4F2010401F010010191019977
:10469000016804F5006641F0200101600168012213
:1046A00001F020010191019901684FF4005541F09A
:1046B000040101600168012701F0040101910199E1
:1046C000016841F00801016000684FF4005100F0FA
:1046D0000800019001983046FDF700FA20464FF49B
:1046E000007100224FF40079FDF7F8F902A880E884
:1046F000A00102AD4FF0020A30462946CDF814A0C1
:10470000FDF7E4F84FF4604000260290C1F2210664
:1047100004F580602946CDE90367FDF7D7F84FF42B
:10472000807002A9C1C120462946FDF7CFF8204676
:104730002946CDE90297CDE9048AFDF7C7F806B00E
:10474000BDE8F08780B540F2C00045F20041C2F2FA
:104750000000C4F2000148F2A06200234FF4804C34
:10476000C0F2010280E80E00C0E9033CC0E9053355
:10477000C0E90733FDF7D8F9002808BF80BDBDE8C0
:104780008040FCF7CBBF000080B540F2141045F626
:104790000001C2F20000C4F2000141F680220023B1
:1047A0004FF4804CC0F2060280E80E00C0E9033CE2
:1047B000C0E90533C0E90733FDF7B6F9002808BFA3
:1047C00080BDBDE88040FCF7A9BF000080B540F285
:1047D000681043F20001C2F20000C4F2000104229A
:1047E00040F2CE4380E80E00FDF77AFF002808BFB4
:1047F00080BDBDE88040FCF791BF000010B596B0C9
:1048000040F2741042F600420021C2F20000C4F2ED
:10481000010240F2CF2340F2CF741591CDE913117C
:10482000CDE91111CDE90F11CDE90D11CDE90B1134
:10483000CDE90911CDE90711CDE90511CDE9031144
:10484000CDE90111C0E90023C0E90214C0E9041157
:104850008161FEF7A7FB002818BFFCF75FFF4FF44C
:104860008050129040F27410C2F2000012A9FEF7BC
:1048700059FC002818BFFCF751FF40F27410C2F237
:104880000000FEF71BFF002818BFFCF747FF40F2AF
:1048900074100024C2F2000010A9CDE91044FEF704
:1048A00043FB002818BFFCF739FF6020CDE909045D
:1048B00040F27410C2F2000009A90C220B94CDE959
:1048C0000D440F94FEF7FAFD002818BFFCF726FFF1
:1048D00000200590CDE90300CDE901004FF400511F
:1048E000089040F274100691C2F2000001A9FEF790
:1048F000F5FA002818BFFCF711FF40F27410C2F25D
:104900000000FEF787FD16B010BD000010B58AB09C
:1049100040F2BC100024C2F200004FF0804140F28F
:10492000E7330994CDE90744CDE90544CDE90344D3
:10493000CDE90144032280E81600C0E90334846114
:10494000FEF7BCFE002818BFFCF7E8FE40F2BC10E2
:10495000C2F2000008A9CDE90844FEF7E5FA0028F4
:1049600018BFFCF7DBFE6020019040F2A9300290F6
:1049700000200390059040F2BC10C2F2000001A993
:104980000022FEF79BFD002818BFFCF7C7FE40F28F
:10499000BC10C2F20000FEF73DFD0AB010BD0000E1
:1049A00010B58AB040F2042040F200410024C2F267
:1049B0000000C4F2000140F2E7330994CDE9074456
:1049C000CDE90544CDE90344CDE90144032280E863
:1049D0001600C0E903348461FEF770FE002818BF9A
:1049E000FCF79CFE40F20420C2F2000008A9CDE9C9
:1049F0000844FEF799FA002818BFFCF78FFE6020E4
:104A000001904FF4A270029000200390059040F2B4
:104A10000420C2F2000001A90022FEF74FFD002889
:104A200018BFFCF77BFE40F20420C2F20000FEF744
:104A3000F1FC0AB010BD000080B540F2942044F2B1
:104A40000041C2F20000C4F2000100234FF00C0C40
:104A50004FF4E13280E80E00C0E90333C0E905C33A
:104A6000C361FEF733FF002808BF80BDBDE880406A
:104A7000FCF754BEFEE70000FEE7000000210161E4
:104A80007047000080B5DDF808C04FF0000E80E8E8
:104A90000E5080BD0000000000000000000000007B
:104AA000EFF30980BFF36F8F0D4B1A6820E9F00F09
:104AB00010602DE908404FF0500080F3118803F09A
:104AC00065F84FF0000080F31188BDE808401968D0
:104AD0000868B0E8F00F80F30988BFF36F8F704764
:104AE000D403002070B5022832D205460E4608468F
:104AF0004FF07E51144604F034FF88BB0021C4F20D
:104B00007811304604F02DFF50B32046002104F008
:104B100021FF68BB0021C4F22011204604F01AFFD7
:104B200030B340F28001C2F200010020C1E902006E
:104B3000C1E90400C1E906004FF00130012208621A
:104B40000020C1E90A52C1E9006481F8242070BD47
:104B50004AF2A0010AA0C0F600011622FBF7C0FC31
:104B60004AF2A00112A0C0F600011722FBF7B8FC20
:104B70004AF2A00118A0C0F600011822FBF7B0FC11
:104B80005F656E5F737461203D3D205057525F45F5
:104B90004E5F4F4646207C7C205F656E5F7374617C
:104BA000203D3D205057525F454E5F4F4E00000064
:104BB0005F7365745F766F6C203E3D20312E3066EA
:104BC000202626205F7365745F766F6C203C203151
:104BD000352E3566000000005F7365745F63757283
:104BE000203E20302E3066202626205F7365745FBD
:104BF000637572203C3D2031302E3066000000008D
:104C000040F2B000C2F200000068002804BF00209B
:104C1000704780B5052100F06BFB002818BF4FF0EE
:104C2000FF3080BD40F2B000C2F2000000680028F2
:104C300004BF0020704780B500F0C0FB002818BFFB
:104C40004FF0FF3080BD00000000000000000000B9
:104C5000074B19680868B0E8F00F80F30988BFF3C4
:104C60006F8F4FF0000080F311884EF00D0E7047EB
:104C7000D403002080B540F2C000C2F20000FFF76C
:104C8000D5FA002080BD00000020FFF77DB90000AC
:104C9000012000F0EBFAFBE780B54EF21000CEF2F7
:104CA0000000006803F098FE012808BF80BDBDE841
:104CB000804003F021B800007047000040F24C2013
:104CC000C2F20000FEF700BBB0B582B00022ADF822
:104CD000062051B10D4602240DF1060390210094E7
:104CE000FFF7BCFA20B102B0B0BD042002B0B0BDE5
:104CF000BDF8060000BA001504F096FE4FF076519C
:104D000004F012FF0021CCF22021044604F029FE19
:104D100000284FF00300E6D10021C4F248312046BC
:104D200004F00AFE01460320002904BF2C60002085
:104D300002B0B0BDB0B50446022500BF0020214638
:104D4000FFF7C2FF012803D1002DA5F10105F5D120
:104D5000002818BF0120B0BD40F27411C2F200015A
:104D6000096800224A620A6842F001020A6000BF34
:104D70004A6A8242FCD3086A41F21112104200D002
:104D80007047086A40F24442104218BF70470868F2
:104D900020F001000860704783B0B0B5A1B0844630
:104DA00025A801AC0EC025AB2046802162460093A9
:104DB000FBF776FA05462046FBF7D2FB82B20120CC
:104DC0002146142300F050F9002818BF4FF0FF359A
:104DD000284621B0BDE8B04003B0704740F2BC00A7
:104DE000C2F200000068002804BF0020704780B5B0
:104DF000052100F07DFA002818BF4FF0FF3080BD7C
:104E000040F2BC00C2F200000068002808BF7047F2
:104E100000F0D4BAFEE7000088B04CF6CD470DF1A3
:104E20000C08002149F6A6320023C3F64C57CCF2F9
:104E30002011CBF6C442C4F2FA3340460097FFF784
:104E400021FE03F0DDFD002540F2B00A40F28006AD
:104E5000C4F2C00540F25B24C2F2000AC2F20006AE
:104E60000DF10809029003E04846322102F0B4FC3B
:104E7000DAF8000070B1052100F03AFA002818BFF6
:104E80004FF0FF3048B14FF0000BBBF1000FEBD0FB
:104E900021E000BF00200028F5D1B06A3568B7686E
:104EA00001280AD096F8210038B13846002104F0D4
:104EB0004AFD10B14FF0010B04E04046FFF7DEFD64
:104EC0004FF0000BDAF80000002818BF00F076FA67
:104ED000BBF1000FC8D0404629463A4600F008F919
:104EE00004F086FD044440F20420C2F20000B4F550
:104EF0009D7F98BF4FF49D740068B4F5407F28BF34
:104F00004FF440744463AFE740F60004C4F2010478
:104F100040F2B00540F2800B40F2000840F2000978
:104F2000C2F20005C2F2000B04F5006A04F58066C7
:104F3000CBF68078C4F270190BE000BF20464FF426
:104F40000071FCF7C5FD2868052100F0D1F90028A3
:104F500051D0782000F08AF9012000214FF0FF3273
:104F600000F088FA142000F081F920464FF4807197
:104F7000FCF7AEFD0028E1D030464FF40051FCF7BD
:104F8000A7FD30464FF48041FCF7A2FD00BB286826
:104F9000002849D0052100F0ABF9002818BF4FF0D8
:104FA000FF30A8B9DBF80000414604F055FC4FF093
:104FB0007E51074604F0D5FC002818BF4FF07E57FD
:104FC0002868CBF80070002818BF00F0F7F900BF80
:104FD00030464FF40041FCF77BFD0028B9D128682A
:104FE00030B3052100F084F9002818BF4FF0FF30DE
:104FF0000028AED120E0DBF828204FF40071B2FA8F
:1050000082F047092046002A18BF0122FCF766FDFE
:1050100050464FF400513A46FCF760FD2868CBF843
:10502000287000F0CBF994E700200028D0D1B9E730
:10503000002000287FF48DAFDBF800004FF07E5198
:1050400004F00AFC4946074604F076FC00281CBF21
:105050000027C4F270172868CBF8007000283FF4CE
:1050600078AF00F0ABF974E770B5012823D11C4686
:1050700015460E46FFF7B2FE10B10120C0B270BD5A
:1050800040F29420C2F2000031462A462346FEF741
:10509000CBFC0446FFF7B4FE032C09D8E00040F235
:1050A0000021C0B2C0F2011121FA00F0C0B270BDFF
:1050B0000220C0B270BD02A007A10B22FBF710FABC
:1050C0006465765F75617274203D3D204445565F8E
:1050D00055415254320000002E2E2F436F72652F1F
:1050E0006170702F756172745F6465762E63000065
:1050F000F0B581B005460846114604F0E1FDE968C7
:10510000044620F0004004F025FCA8B92969AE68E7
:10511000204604F0A1FB0746286120F000403146FC
:1051200004F018FC40B93846002104F005FC0028C2
:1051300008BF86F000462E61D5E90060296904F0B9
:10514000F3FC05463046214604F0EEFC294604F007
:1051500083FB01B0F0BD000090B0FDF705FB06AC8D
:1051600020462821FBF78AFA0920002506904FF4F3
:1051700080300226CDE90705CDE90D604FF4E0103F
:1051800001210F9020460595CDE90355CDE9015544
:105190000A910C91FDF702FD18B1EFF3108072B681
:1051A000FEE70F20CDE901064FF48060CDE904054C
:1051B00001A802210395FDF7CDFB20B1EFF310808C
:1051C00072B600BFFEE7FFF749FAFFF7BBFAFFF739
:1051D0009DFBFFF7E5FBFFF72FFCFFF7D5FAFFF785
:1051E0000DFBFFF7F3FA172005210022FDF776FBF0
:1051F0001720FDF761FB282005210022FDF76EFB3B
:105200002820FDF759FBFFF735FD40F2BC10C2F234
:1052100000000021FEF7F2FA40F20420C2F2000082
:105220000021FEF7EBFA40F27410C2F200000C21EC
:10523000FEF7E4FA00210022C4F2C001C4F22012F9
:105240000120FFF74FFC05A0FFF7A6FD00F01EF8B8
:10525000FFF770F900F02EF8FEE700BF6D61696E90
:105260002073746172740D0A00000000EFF3058171
:1052700000291CBF6FF005007047002804BF002004
:10528000704780B502F052FA002080BDEFF3058030
:1052900000281CBF6FF00500704740F27800C2F292
:1052A00000000168002911BF4FF0FF3001210160AB
:1052B00000207047EFF3058000281CBF6FF0050049
:1052C000704740F27800C2F20000016801291CBF5B
:1052D0004FF0FF30704780B54EF61F51CEF20001FF
:1052E00000220A700221016002F0F6FB002080BD5E
:1052F000EFF30582002A1CBF6FF0050070470246DD
:1053000030F0010004BF6FF00300704710B50C4689
:10531000D20702D103F000F801E003F0E9F8012818
:1053200004BF002010BD6FF00100002C08BF6FF01B
:10533000020010BD70B5EFF30581D1B9002814BF8C
:1053400045680025290714D4A8B1D0E90212B1B1EB
:105350004F2A4FF000024FF0000188BF0122A2B98E
:1053600059B10646E8070CBF0120042002F0DCFC1E
:1053700013E0002070BD012104E000240FE0B2FA28
:1053800082F149090022002AEAD081680646E8072E
:105390000CBF0120042002F0FFFC0446304634B16B
:1053A000002814BF01680021204602F087F9E807B1
:1053B0001CBF002C44F00104204670BDEFF30581B2
:1053C00000291CBF6FF005007047014630F0010056
:1053D00004BF6FF00300704780B5C90705D10021F5
:1053E0000022002302F098FD01E002F09FFE013848
:1053F00018BF6FF0020080BDB0B584B040B3B1F10A
:10540000FF3F25DD4FF0FF320392EFF305821AB321
:1054100000250DF1080C0122002302950446CDF869
:1054200000C003F033FA03AB2046002100220095B0
:1054300003F02CFA0298D0B14EF60450CEF20000E0
:105440004FF080510160BFF34F8FBFF36F8F0EE0BD
:105450006FF0030003900AE001220023044603F0EA
:105460008FF903AB20460021002203F089F903984D
:1054700004B0B0BD2DE9F04F83B09246EFF3058242
:105480002AB16FF00506304603B0BDE8F08F05463F
:10549000002840D44FF0000B880758BFAB460C469D
:1054A00003F0AEFA6FF001084FEAC47954460026C3
:1054B0000190BAF1000F08BF6FF0020803E000BFCF
:1054C0004646002FDFD00020594602AA234603F0AB
:1054D00055FB07460128F3D1029806EA050140EA88
:1054E0000106B9F1000F06EA050005D1D8B9BAF1F5
:1054F000000F06D117E000BFA84218BFBAF1000F95
:105500000CD003F07DFA0199401A241A4FF00000E4
:1055100038BF0446D5E76FF00306B4E7A84218BFCA
:105520006FF00206AFE7002808BF6FF00206AAE797
:1055300070B584B00B46002100280391EFF305817C
:1055400050D000294ED142B3D2F818E0BEF1000F7E
:1055500008BF4FF0180EBEF1380F1BD81179C907DC
:1055600018D15569946811684FEA950C002D08BF51
:105570004FF0400C44B1D6685C2E04D31669002E5F
:1055800018BF002D20D10CB9D468C4B10025002467
:105590005DB91DE0002004B070BD012400214FF072
:1055A000180E4FF0400C002595B1946812690294D2
:1055B000CDE900E2624603F06DF8039012E0146951
:1055C000B4FA84F46409EEE700240125002DECD13F
:1055D00044B103AC1FFA8CF2CDE900E402F0ECFF19
:1055E000012802D1039804B070BD0020E5E7000057
:1055F0002DE9F047044601F06DFF42F68450C2F2F7
:105600000000016840F2D43701310160C2F20007A6
:10561000396843F2182A40F2EC36C2F2000AC2F2AC
:10562000000651B1DAF8000000283ED13868E16A7E
:10563000C06A884298BF3C6037E03C60006801283F
:1056400033D10025701901F009FF1435B5F58C6FC1
:10565000F8D143F27C18C2F20008404601F0FEFE89
:1056600043F29019C2F20009484601F0F7FE43F2F6
:10567000C410C2F2000001F0F1FE43F23820C2F281
:10568000000001F0EBFE43F22420C2F2000001F022
:10569000E5FE40F2DC30C2F20000C0F8008040F2CB
:1056A000E430C2F20000C0F8009042F69050C2F21E
:1056B0000000016801310160616442F69451C2F258
:1056C0000001E06A0A68904288BF086000EB800031
:1056D00006EB8000211D01F0EFFE01F01FFFDAF85C
:1056E000000088B13868E16AC06A884228BFBDE816
:1056F000F0874EF60450CEF200004FF0805101606A
:10570000BFF34F8FBFF36F8FBDE8F08770B582B0E6
:1057100001F0E0FE43F25026C2F20006306850BBB2
:1057200043F25014C2F20004204601F097FE43F207
:105730006415C2F20005284601F090FE40F2D83010
:10574000C2F20000046040F2E830C2F2000040F211
:10575000E02240F2803305600025C2F20002C2F26E
:1057600000030A201021009502F068FB306010B1A0
:1057700003A101F0A3FF02B0BDE8704001F0CEBE6E
:10578000546D72510000000042F6885540F2EC3A28
:105790004EF6045843F2382742F68456C2F200050A
:1057A000C2F2000ACEF200084FF08059C2F20007A0
:1057B000C2F2000603E000BF204601F0C7FE2868E1
:1057C000C8B101F087FEF868C468201D01F018FE1A
:1057D00030680138306028680138286001F09EFE8A
:1057E00094F859000228EAD00128E5D070B9206B5E
:1057F00001F0ACFEE0E7DAF800000228DFD3C8F8D9
:105800000090BFF34F8FBFF36F8FD8E74FF050007A
:1058100080F31188BFF36F8FBFF34F8FFEE7000057
:1058200006480068006880F3088862B661B6BFF376
:105830004F8FBFF36F8F00DF00BF000008ED00E067
:105840002DE9F04F85B0824603F0DAF840F2D03906
:10585000C2F20009D9F800100546884249D240F248
:10586000D834C2F2000420680168002943D043F212
:10587000502BC2F2000B08E07860206831463F618F
:1058800001F0FCFD20680168A9B3C068C768D0F8C2
:1058900000803E1D304601F0B3FD396A3846884726
:1058A00097F828004007EDD5B86940444045E3D853
:1058B0008FB3DBF8000078B10020CDE90108039731
:1058C00003F08AF8DBF8000001A90022002302F0AF
:1058D00023FB0028D6D102E000200028D2D14FF0CF
:1058E000500080F31188BFF36F8FBFF34F8F00BF5D
:1058F000FEE7002007E040F2E831C2F200010A684A
:10590000086001202260CAF800002846C9F800504B
:1059100005B0BDE8F08F4FF0500080F31188BFF361
:105920006F8FBFF34F8F00BFFEE7000081B00020F4
:10593000009040F20C00C2F2000000684FF05001ED
:1059400081F31188BFF36F8FBFF34F8F013001D008
:10595000FEE700BF00980028FCD001B070470000AF
:105960008AB040F2D83B40F2E83A43F25025C2F206
:10597000000B02ACC2F2000AC2F200050DF10409EC
:10598000DBF8000007681FB1C068D0F8008001E0B4
:105990004FF0000802F0F2F82046FFF751FF02999D
:1059A00011B103F043FA83E0E7B180451AD85646B7
:1059B000824603F03BFADBF80000C068C76807F1D5
:1059C000040B584601F01CFD97F8280041070CD441
:1059D00040F2D83B00F0FA00C2F2000B87F8280032
:1059E000B2465CE0B7B100221AE0B9693F6101EB51
:1059F00008005045786029D9C24501D2404533D2CC
:105A000040F2D832C2F2000210685946934601F0C3
:105A100035FDE5E7DAF800100968B1FA81F14A09C5
:105A20002B68A8EB0001184601F05CFE03F0FEF9BC
:105A300000283DD14EF60450CEF200004FF08051C8
:105A40000160BFF34F8FBFF36F8F31E0AAEB080007
:105A5000884209D230685946B24601F00FFD40F243
:105A6000D83BC2F2000B1AE0002F00F0C280286879
:105A7000B24660B10020CDE90608089702F0ACFFFD
:105A8000286806A90022002302F046FA00E0002060
:105A900040F2D83BC2F2000B002800F0B480396A13
:105AA0003846884704E0DBF8000001F0E7FC00BF5F
:105AB00028682146002202F05BFB00283FF460AF1B
:105AC0000298B0F1FF3F03DCDDE903200599904720
:105AD00002980028ECD4049F786910B1381D01F0B9
:105AE0008FFC4846FFF7ACFE02990929E0D8DFE8B1
:105AF00001F00505054F395605054F3997F828106F
:105B0000039ABE6941F0010187F82810B31839469D
:105B100041F8043F83423F6104D99042C3D293428B
:105B200003D2C0E7801AB0422DD3396A384688477D
:105B300097F828004007BBD5002F50D02868B0B395
:105B40000398B969089708440021CDE9061002F0CE
:105B500043FF286806A90022002302F0DDF900288F
:105B6000A6D128E097F8281041F00102039987F8A0
:105B70002820B96149B30A18394641F8042F8242F6
:105B80003F613FF690AFDAF8000001F077FC8FE755
:105B900097F8280000F0FE0087F8280088E797F8BB
:105BA00028008107F6D4384601F0D0FC80E70020B9
:105BB00000287FF47DAF4FF0500080F31188BFF3D1
:105BC0006F8FBFF34F8F00BFFEE74FF0500080F3A1
:105BD0001188BFF36F8FBFF34F8F00BFFEE74FF009
:105BE000500080F31188BFF36F8FBFF34F8F00BF5A
:105BF000FEE74FF0500080F31188BFF36F8FBFF3C3
:105C00004F8F00BFFEE74FF0500080F31188BFF3C5
:105C10006F8FBFF34F8F00BFFEE70000F0B581B07C
:105C2000044601F057FC94F94560012E0FDB04F1A6
:105C3000240500BF286850B1284603F0AFF80028BB
:105C400018BF01F04FFE70B2013E0128F2DCFF26C2
:105C500084F8456001F062FC01F03CFC94F944706A
:105C6000012F0EDB04F11005286850B1284603F01F
:105C700095F8002818BF01F035FE78B2013F0128E1
:105C8000F2DC84F8446001B0BDE8F04001F046BCAD
:105C9000F0B581B0044601F071FF40F2E031C2F28C
:105CA00000010868002843F27810C2F2000003D017
:105CB000B4F1FF3F2CDD2DE040F67A52C2F2000233
:105CC000D31D560702F5005618BF23F0070243F212
:105CD0001C23C2F200030025C3E9002526F00703B8
:105CE000A3F108060E6043E90255B31A0E68C2E933
:105CF000006343F2AC12C2F20002136043F2A4123A
:105D0000C2F20002136001220270B4F1FF3F01DC15
:105D10000278C2BB3CB162071ABF24F0070202F14D
:105D20001004083400E0002443F2A41EC2F2000E66
:105D3000DEF80020631E934225D243F21C23C2F2F8
:105D400000031E687568A54207D200BF326822B101
:105D5000556833461646A542F8D30A68964212D0D3
:105D6000D3F800C037682A1B112A1F603FD33319AC
:105D70005D0719D04FF0500080F31188BFF36F8F8B
:105D8000BFF34F8FFEE7002403F050F8600708D000
:105D90004FF0500080F31188BFF36F8FBFF34F8F28
:105DA000FEE7204601B0F0BD43F21C25C2F200051B
:105DB0005A6074602C462D689D42FBD36268A71818
:105DC0009F4203D15B681A44234662605A689F1859
:105DD000AF4201D0294606E009688D4203D0D5E9DB
:105DE00000152A445A609C42196018BF236043F290
:105DF000AC117268DEF80030C2F200010C689A1A29
:105E0000A242CEF8002038BF0A60007843F2B812F0
:105E10007168C2F20002002818BF41F00041136807
:105E200000200CF10804C6E90001581C1060ABE723
:105E300040F2D430C2F20000016819B101680A6D65
:105E400001320A6500687047034645F62D10C0F61A
:105E500000004FF0807C21F0010103E90310A3F161
:105E6000400043F8202C704786B000200590CDE913
:105E70000300CDE9010002F0C3FD40F65C04C2F26C
:105E800000040090204600F02BFA40F2B005C2F268
:105E9000000501AE68464FF4C87101F09DFC28680A
:105EA00040B10521FFF724FA002818BF4FF0FF305A
:105EB00018B1EFE700200028ECD140F280012868FB
:105EC000C2F20001D1E90087D1E902BAD1F81090FD
:105ED000002818BFFFF772FA204600F01DFA4AF2B8
:105EE000C8012046C0F6000100F010FB404603F058
:105EF00087FC02460B46304626A1FAF7EFF920460A
:105F000000210A22334600F0ADFA384603F078FC4F
:105F100002460B46304623A1FAF7E0F9204600215D
:105F20001222334600F09EFA584603F069FC0246FE
:105F30000B4630461FA1FAF7D1F9204600211E2258
:105F4000334600F08FFA504603F05AFC02460B46E7
:105F500030461CA1FAF7C2F920460021262233461A
:105F600000F080FA484603F04BFC02460B463046F0
:105F700018A1FAF7B3F9204600213222334600F087
:105F800071FA204600F0B8FA40F2B005C2F20005FE
:105F900080E700BF56736574203A2530352E32668F
:105FA0005600000049736574203A2530352E32665C
:105FB00041000000566F7574203A2530352E326648
:105FC00056000000496F7574203A2530352E326630
:105FD00041000000543A2530332E31664300000062
:105FE00086B002F00DFD40F27401C2F200010978A2
:105FF00002900846FEF746FA40F2B008C2F20008E6
:106000004FF0000A4FF000090020019002A814216F
:1060100001F0E2FBD8F80000E0B10521FFF768F9D4
:10602000002818BF4FF0FF30B8B10025002400262B
:10603000012D24D1012E27D105A8FEF77BFE0746AE
:106040000028019818BF01300190012C1FD00325B2
:10605000002436E000200028E7D140F28001D8F883
:106060000000C2F2000191F8205091F8214091F80F
:106070002260002818BFFFF7A1F9012DDAD003250F
:10608000002401271DE000BF0327012CDFD141F2CE
:106090006F20C3F6032003A9FEF710FA0546002877
:1060A0004DF20A70C3F6A32004A918BF09F1010933
:1060B000FEF718FAB0FA80F14C09002818BF012049
:1060C0008244D8F8000048B10521FFF711F90028F3
:1060D00018BF4FF0FF30002898D102E000200028C0
:1060E00094D10198052808DB40F280000022C2F21A
:1060F00000000021019180F82220BAF1040F5646D9
:10610000C8BF0026B9F1040FCB46C8BF4FF0000B43
:10611000BAF1040FD8BFB9F1050F06DB40F28001D8
:106120000020C2F2000181F8210002F069FC6FB189
:10613000ACB9EDB1D8F80000B2460028D9463FF41A
:1061400065AFFFF73BF9B246D9465FE7059940F2E4
:106150008002C2F200021161D061002CE9D00499E2
:1061600040F28002C2F2000291605061002DE1D144
:10617000039940F28002C2F20002D1609061D9E737
:1061800084B002F03DFC40F2B00540F2800603AC62
:10619000C2F20005C2F20006039007E00521FFF7F6
:1061A000A7F8002818BF4FF0FF3048B12046C8219B
:1061B00001F012FB28680028F0D100200028F5D15A
:1061C00096F8220096F821A0C7B25AEA070006BF47
:1061D0004FF0000B86F820B096F820B096F8248097
:1061E000B8F1000F06BF4FF0000986F8239096F82B
:1061F00023902868002818BFFFF7E0F8BBF1000FD4
:1062000020D0BAF1000F26D0BFB3B9F1000F3DD0B6
:10621000B8F1000F08BFB9F1010F07D140F65C00DB
:10622000C2F2000000F05CF84FF001082868A0B34B
:106230000521FFF75DF8002818BF4FF0FF30002858
:10624000B4D12EE0FEF720FD002808BF4FF0010B6F
:10625000BAF1000FD8D140F27400C2F200000199E7
:10626000007821F0FF0108440190FEF70BF90028A7
:1062700008BF4FF0010A002FC7D102A8FEF75AFD50
:10628000002808BF0127B9F1000FC1D1FDF748FC74
:10629000002808BF4FF00109BAE7002000287FF46A
:1062A00085AFBBF1010F08BF86F820B0BAF1010F2E
:1062B00008BF86F821A0012F08BF86F82270B9F127
:1062C000010F08BF86F82390B8F1010F08BF86F8C8
:1062D0002480286800283FF469AFFFF76FF865E76E
:1062E00010B54AF2BC0146F6197247F25133C0F6B6
:1062F0000001C0F60002C0F60003044600F0A8F951
:10630000204600F0B1FD2046002100F0B9FD2046F6
:10631000BDE81040AFF3008080B5016890F83820E8
:10632000097C406B5143C900FAF786F980BD000033
:106330002DE9F047002B00F0888090F88C70002F3A
:1063400000F08380089C022B05D3032C3ED0022C46
:1063500001D1C91A013114F0010A3CD1B0F84C60E6
:1063600097B2B74271D3B0F84E60B7426DD2B0F871
:1063700048E0B0F84A408EB2F71875461FFA87F920
:10638000A64238BF0D46B94508BF0D461FFA85F82D
:10639000A6423D4638BF651EB94508BF4D46AEB260
:1063A000A0454FF000074FF0000528BF01277645B4
:1063B00098BF01252F4347D1F04588BFC646A64266
:1063C00038BF3446A4EB0E0371463DE0D21A0132C9
:1063D00014F0010AC2D0B0F848608FB2B74234D38B
:1063E000B0F84A60B74228BFBDE8F087B0F84CE08B
:1063F000B0F84E4096B2F71875461FFA87F9A642D4
:1064000038BF1546B94508BF15461FFA85F8A6429C
:106410003D4638BF651EB94508BF4D46AEB2A045E2
:106420004FF000074FF0000528BF0127764598BFC1
:1064300001252F4308D1F04588BFC646A64238BF84
:106440003446A4EB0E0372460FB1BDE8F087076B2C
:1064500089B2D7F808C092B29BB2CDF820A0BDE8AF
:10646000F047604746F6C96CC0F6000CC0F804C09F
:1064700000F046B910B5B0F84E40DDF808C0B0F8ED
:106480004CE0A2420BD262454FF000024FF00004F4
:1064900088BF0122F44588BF012422430AE06245F7
:1064A0004FF000024FF0000488BF0122F44588BF7E
:1064B00001242240002A04BF002010BDB0F84A2069
:1064C000B0F8480091420BD2002299424FF00001EF
:1064D00088BF0121834288BF012241EA020010BD2A
:1064E000002299424FF0000188BF0121834288BFFA
:1064F000012201EA020010BD10B5044600F012FCB2
:106500002046BDE8104000F0B5BC0000B0B5044620
:10651000806D88426CD0A16508780D4684F87400BF
:10652000487884F87500887884F87600C87884F80C
:106530007700087984F87800487984F879008879B8
:1065400084F87A00C87984F87B00087A84F87C00A3
:10655000487A84F87D00887A84F87E00C87A84F8C6
:106560007F00087B84F88000487B84F88100887B6A
:1065700084F88200C87B84F88300087C84F8840057
:106580000846112100F074FBA4F886002846132168
:1065900000F06EFBA4F888002846152100F068FB87
:1065A000A4F88A0025B394F88D1094F9812094F909
:1065B0008200002984F88E2084F88F0008BFB0BDC7
:1065C000012908D194F983108A42B8BF84F88E104B
:1065D00094F9841008E094F97E3094F980100B440B
:1065E0009342C8BF84F88E308842C8BF84F88F10A9
:1065F000B0BD000046F2D971C0F60001C165704718
:10660000B0B50446049884F8382040F20112A4F88A
:10661000922002680025C4E90B302046A56584F865
:10662000395084F86D5084F8915084F88D5061632E
:1066300090470020CFF6FF70216B206560654968A8
:10664000204688472046FFF7D5FF84F87050B0BD3C
:1066500070B582B01C4613460D4647F2212147F221
:10666000C902C0F60001C0F600020646009400F020
:106670000DFC0DF1070000F04DFB9DF8072046F6DC
:1066800079430146C0F6000330460095FFF7B8FF96
:1066900002B070BD022B0AD0012B05D0002B14BF15
:1066A0001044084480B27047801A80B27047401A84
:1066B00080B27047022B0AD0012B05D0002B14BFEB
:1066C000401A104480B27047084480B27047801A64
:1066D00080B2704780B5B0F83EC0DDF808E0A2EBAC
:1066E0000C02D0F82CC092B2CDF808E0BDE8804092
:1066F00060470000DDF800C0CDF800C0FFF7EABF3A
:106700002DE9F04F81B01F4692460D4606464FF6E2
:10671000FF7800F071FE7268397830469047404546
:1067200053D0A8F101017C1C4FF000091FFA81FB36
:1067300007E08144726814F8011B304690474045D9
:1067400045D087B25F45F5D096F870205046032AB1
:1067500029461AD8DFE802F00214080FF16D30461E
:1067600088475044294610E0F16D30468847AAEB2F
:106770000000294609E0F16D30468847411903E0E1
:10678000F16D30468847291A5046A6F86410A6F8DD
:1067900066003046394600F025FA20B10146304601
:1067A00000F01CF800E0002096F870100329C0D813
:1067B000DFE801F0040902062D1ABAE70544B8E73C
:1067C000AAEB000AB5E78244B3E74FF000091FFACD
:1067D00089F001B0BDE8F08F002070472DE9F04F3F
:1067E0008BB08346016600208BF86C009BF8780024
:1067F0000A780746082822BF0131CBF86010A0F1C3
:1068000008074FF0FF3101FA00F09BF8793022EAD7
:106810000000DBF860508BF86C708BF86A00DA19B6
:106820002E78D4B2082CFCB226FA04F60AD36C1CDB
:10683000CBF86040C7F108076D78FFB205FA07F79B
:106840003E43083A994026EA01039BF892100393CD
:106850008BF86E10B1FA81F149098BF86B308BF827
:106860006F109BF87A10DBF860308BF86C201E7884
:106870005518D7B2EAB2082A26FA07FC0AD35E1CDA
:10688000CBF86060C7F108075B78FFB2BB404CEA09
:10689000030C083D9BF87B30DBF860408BF86C50B4
:1068A0005F192678FAB2082AEAB226FA02F60AD363
:1068B000C5F10802651CCBF860506578D2B205FAC4
:1068C00002F21643083F4FFA80F99BF87C00DBF890
:1068D00060508BF86C70029038442A78C4B2082C4F
:1068E000FCB222FA04F20BD31446C7F108026F1C63
:1068F000CBF860706F78D2B207FA02F22243083800
:10690000B9F1010F01928BF86C00C0F25A814FF07F
:10691000FF304A1E00FA01F1D2B22CEA010100FA5E
:1069200002F211445A1E4FB2D1B20122984002FA2B
:1069300001F1039A26EA00031A44891A9BF8706051
:10694000BBF864004DB239462A463346FFF7A2FE33
:106950008046BBF8660039462A463346ABF8648069
:10696000FFF7A8FE032EABF8660027D8DFE806F095
:10697000021B0812039908EB090349B201441FE006
:10698000A8EB090108F1010301F10108039949B2DB
:10699000421A05E00399A0EB090249B208EB010392
:1069A000411C501C0CE0039908F1010349B2A8EB0B
:1069B000010101F1010800EB090101E04346014634
:1069C0008FB21FFA88F182B29BB258460097FFF748
:1069D00051FD002800F0F5800020ABF8680004E0CD
:1069E000039840B2854280F2E8809BF87600DBF89D
:1069F00060309BF86C7019783A18D6B2082E21FADC
:106A000007F109D35E1CCBF86060C7F108075B781B
:106A1000FFB2BB401943083A9BF87730DBF860506F
:106A20008BF86C209F182E78FCB2082CD4B226FA72
:106A300004F60AD36C1CCBF86040C2F108026D78F2
:106A4000D2B205FA02F21643083F4FF0FF3202FAC3
:106A500000F021EA0000059002FA03F026EA0000A7
:106A600004908BF86C7003E0C0078BF86C10B7D003
:106A70009BF868A09BF86980059C00BF9BF86D009F
:106A80009BF86A10A1EB0A0548BB9BF87090BBF815
:106A900066004FFA8AF64FFA88F731463A464B4677
:106AA000CDF82880FFF706FEBBF864108046084644
:106AB00031463A464B46FFF7EDFD9BF86F20014605
:106AC000E0B2EBB2984238BF03468BF892205846AA
:106AD0004246CDF80090FFF72BFCDDF82880E8B2A5
:106AE000E1B2814206D3641B08F101084FF0000AAD
:106AF000C4E700BF049B04EB0A018BF868108BF815
:106B0000698000BF9BF86A009BF87060A0EB0109E8
:106B10000A935FFA83FABBF866305FFA89F7BBF82D
:106B200064004CB24FFA88F50997BA45079338BF0D
:106B30005746069121462A463346FFF7ABFD08909B
:106B4000079821462A463346FFF7B4FD9BF86E109E
:106B500002468BF89210089958463B465C460096D0
:106B6000FFF7E6FB0998824508D30A9B08F1010864
:106B7000A3EB09030021A346C4E700BF06980A99C6
:106B8000236E084494F86C2084F8680084F86980C7
:106B90001878511CCFB2A346082F20FA02F0FFF458
:106BA00063AF5F1CCBF86070C2F108015B78C9B2BB
:106BB00003FA01F10843D11F56E79BF86E008BF8EA
:106BC0009200029A4FF0FF3000FA02F1019B013A65
:106BD000D2B223EA01019040084440B20BB0BDE8B4
:106BE000F08F000070B50C46816DFF2C01F117018C
:106BF00004D8612C2DD3B0F888002EE0B0F88A00BC
:106C00000E1835462846002100F032F80644284682
:106C1000022100F02DF8A04205F10405F2D33088DE
:106C200040BAB0FA80F14FEA511170B1A0420AD0D7
:106C3000B078315A4ABAB2FA82F14FEA511122B110
:106C4000A2420644F4D1F01CFFE7002918BF00203F
:106C500070BD412C02D3B0F886000144487820B1C1
:106C60000A789442F9D1881C70BD002070BD0000E4
:106C7000405A00BA000C70472DE9F04102F00705B8
:106C8000012490F8926004FA05F7022EBC4628BF52
:106C90004FF0000CB6F1010E18BFBE460668DDF8D5
:106CA0001880367C22F00707426B7E43B8F1000F54
:106CB000B6B220D03244114409E000BF4FEA4C0C78
:106CC0004FEA4E0E013B1A0408BFBDE8F0810A7876
:106CD000013542EA0C0282EA0E0215F007050A703D
:106CE000ECD1428F90F892601144012E98BFA446D7
:106CF00018BFA646E6E788191044013810F8011FAE
:106D0000013B41EA0C0181EA0E011A040170F5D140
:106D1000BDE8F081014640F6F0000822C2F2000012
:106D20000A7070472DE9F04F81B0834690F83880A3
:106D300000689BF8396090F81190002501274FF604
:106D4000F87A00BFDBF80000F2B2037CDBF8340015
:106D500005FB03F101EA0A0144185846002100949A
:106D600000F06EF8474506D20136F0B208354845C6
:106D700007F10107E6D301B0BDE8F08FB0B590F898
:106D800038100568CB00838795F810C090F839302B
:106D900095F811E04FEACC0CDA005C18A0F83AC084
:106DA000C287744588BFAEEB03011944C900A0F83F
:106DB0004020A0F8421069694164B0BD70B582B04E
:106DC0000446216CB0F84400E164B4F85010B4F803
:106DD0005420B4F85230B4F856500026A4F84A00B3
:106DE0002046A4F848600095FFF744FB20B3B4F8B0
:106DF0004810B4F850000122814284F88C2038BF3A
:106E0000A4F84800B4F84A10B4F85200814288BF90
:106E1000A4F84A00B4F84C10B4F85400814238BFCA
:106E2000A4F84C00B4F84E10B4F85600814288BF64
:106E3000A4F84E0002B070BD84F88C6002B070BD42
:106E400080B582B0DDF810C0D0F808E08DF80510EC
:106E50008DF806208DF804306B460F210122CDF805
:106E600000C0F04702B080BDD0F808C00A2100225F
:106E700000236047D0F808C010210022002360479B
:106E8000D0F808C00A460B210023604710B54FF424
:106E90007F44DDF808C0A0F82340FF244FF0000E27
:106EA00080F8284000F10804C0F800E080F826E0EF
:106EB00084E80E50BDE81040AFF30080D0F808C061
:106EC000092100220023604700294FF6FF7008BF08
:106ED00070470A2918BF084670470000D0F810C054
:106EE000192100220023604780B582B08DF8071079
:106EF0000DF10702012100F003F802B080BD00008F
:106F0000D0F810C013460A4617216047D0F810C0C9
:106F10001821002200236047B0B582B014390C2933
:106F20004FF0000000F27180DFE801F0076F6F0A98
:106F3000222B6F6F6F6F6F6F2800FDF725FC1DE030
:106F4000E2B140F6F04CC2F2000C9CF8005040F662
:106F5000F14E591EC2F2000E11F8014F013AE8B28B
:106F6000013513060EF80040F6D18CF8005005E00C
:106F700040F6F040C2F2000000210170012002B092
:106F8000B0BD40F67854C2F20004207801280CD13C
:106F9000FDF736FEC0BB40F28000C2F2000090F860
:106FA000240001282ED100202BE040F6F040C2F250
:106FB0000000037840F2141040F6F1424FF47A7565
:106FC000C2F20000C2F2000278210095FAF764FED6
:106FD0000028D3D040F67455C2F200052868411C41
:106FE0000328296010DBFDF70BFE00284FF000009E
:106FF0000BD140F28001C2F2000181F82400286028
:1070000001202070FDF70EFE002002B0B0BD000090
:10701000D0F80CC01921002200236047D0F80CC022
:107020000A46162100236047D0F80CC00A461521F5
:1070300000236047D0F80CC013460A46172160476A
:10704000F0B581B00E4604460DF103050AE000BF1D
:10705000A1F11800022817D2E6682046002200237A
:10706000B0473E46374617F8011B1729F0DCA1F15F
:107070001500022813D27278E768204600238DF8A5
:107080000320B8470236EDE7FE2914D17278204676
:1070900029218DF8032000F093F90236E2E7172941
:1070A00009D1707801218DF8030020462A46FFF7A8
:1070B000C1FF0236D6E701B0F0BD0000D0F80CC029
:1070C0001821002200236047F0B581B01546A1F1D8
:1070D0001402052A69D804461E46DFE802F0033E82
:1070E0001A1F135794F824002A46FF2804BF78205B
:1070F00084F82400D4F810C02046334601B0BDE81F
:10710000F040604740F67950C2F200000021017063
:1071100048E020462946FFF7E7FE43E040F679576E
:10712000C2F200073878012802D12046FFF7D6FEC8
:10713000192D0AD320461821324600F045F9183D92
:10714000E8B2182806F11806F4D8E9B2204632460B
:1071500000F03AF90020387024E040F67956C2F287
:1071600000063078012802D12046FFF7B7FE2046FE
:10717000FFF7CCFE20460021FFF7B6FE2046294649
:10718000FFF7B2FE0120307001B0F0BD40F6795536
:10719000C2F200052878012802D12046FFF79EFEA2
:1071A00000202870012001B0F0BD002001B0F0BD2A
:1071B00010B5D0F814C02821002200230446E0476F
:1071C000D4F80CC02046142100220023E0472046BA
:1071D0004B21012200F0F4F8206829210279204691
:1071E00000F0EEF820464B21002200F0E9F820687C
:1071F00029210279204600F0E3F820464B210122A4
:1072000000F0DEF82068292142792046BDE81040D0
:1072100000F0D6B88A7C016080F822207047000018
:10722000B0B50D46044600F01FF808B10120B0BD0E
:10723000092D0DD00A2D14D12046FFF7B9FF4AF2CF
:10724000A941C0F600012046FFF7FAFE0120B0BDBB
:107250004AF2E841C0F600012046FFF7DBFF0120BB
:10726000B0BD0020B0BD00002DE9F0410B3904464F
:1072700004294FF0000088BFBDE8F0811546DFE823
:1072800001F003591D112A002046002D07BF4AF2C4
:10729000DE41C0F600014AF2E341C0F60001FFF70B
:1072A000CFFE46E02046FFF709FF20468121FFF789
:1072B000BBFE20462946FFF7B1FE37E0E5B34AF2B0
:1072C000A241C0F600012046FFF7BAFE2068C07C4C
:1072D00084F822002DE020461E46FFF7EFFE70796D
:1072E00094F8221001EBC007204640215FFA87F88E
:1072F000FFF79AFE4FEA181000F110012046FFF741
:1073000093FE07F00F012046FFF788FEB07940F0AA
:10731000B0012046FFF782FE30793268C000C1B26A
:107320002046FFF787FE013D2806F5D12046FFF7EE
:107330006FFE0120BDE8F0814AF29B41C0F60001DA
:107340002046FFF77DFE2068807C84F82200F0E76D
:1073500080B529392A2926D8DFE801F01B272F25F7
:1073600020252525252525252525252525252525D2
:1073700025252525252525252525252525252519C9
:107380001925251616161600002180F82710012051
:1073900080BD0120FAF7C8F9012080BD0520FDF766
:1073A000DBFC012080BD0121EFE70020B0F59F7FCD
:1073B00000F1010000BFF9D9E9E7012000BF80BD5D
:1073C000D0F814C000236047F0B581B017460D46D1
:1073D0000646FFF79BFD30464021FFF785FD3469E7
:1073E000304617212A463B46A047304601B0BDE84B
:1073F000F040FFF773BD0000002180F826107047B1
:10740000D0E9013201699A60D1F804C082688445EC
:10741000536008BF4A6000220261086801380860B2
:107420000868704742F69863C2F20003036042F6B0
:107430009850C2F2000008604020106070470000C1
:1074400043F2F403C2F20003036042F6F460C2F2B6
:107450000000086080201060704700004FF0FF318E
:10746000024642F8081F00214260C0E90322016081
:1074700070470000002101617047000080B5D1F81D
:1074800000C01CF1010207D000F108039E465B68B2
:107490001A686245FAD901E0D0F810E0DEF804205D
:1074A00008614A609160C1F808E0CEF804100168F4
:1074B0000131016080BD0000D0F800C04368086160
:1074C0009A684B608A609A68996051600CF101017A
:1074D000016070474FF0500080F31188BFF36F8F49
:1074E000BFF34F8F40F20C00C2F2000001684A1C4B
:1074F000026001B170474EF60450CEF20000006801
:10750000000608BF70474FF0500080F31188BFF3AA
:107510006F8FBFF34F8F00BFFEE7000040F20C00FB
:10752000C2F20000016839B10139016018BF70472B
:10753000002080F3118870474FF0500080F31188CD
:10754000BFF36F8FBFF34F8FFEE70000B0B5002889
:1075500008BFB0BD43F27811C2F20001097850F8BB
:10756000042C002918BF4FF0004111420DD0A0F1AA
:10757000080423689BB14FF0500080F31188BFF3DB
:107580006F8FBFF34F8F00BFFEE74FF0500080F3C7
:107590001188BFF36F8FBFF34F8F00BFFEE722EA62
:1075A000010140F8041C054600F0E8FA43F2A4117A
:1075B000C2F2000155F8040C0B682A461844086012
:1075C00043F21C21C2F2000108460968A142FBD324
:1075D0004368C518A54204D152F8042C04461A4445
:1075E00042606368E2188A4201D00A460AE040F22B
:1075F000E032C2F200021268914203D0D1E90021C8
:1076000019446160A042226018BF046043F2BC10BC
:10761000C2F20000016801310160BDE8B04001F034
:1076200005BC00004EF21000CEF200000021016007
:10763000816040F20001C2F20001096844F6D352B1
:10764000C1F26202A1FB02124FF0FF3101EB921175
:107650004160072101607047EFF30580102814D3C3
:107660004EF2F031CEF20001405C42F67A51C2F2A5
:1076700000010978884208D24FF0500080F3118849
:10768000BFF36F8FBFF34F8FFEE74EF60C50CEF275
:10769000000042F67C510068C2F20001096800F463
:1076A000E060884298BF70474FF0500080F3118827
:1076B000BFF36F8FBFF34F8FFEE7000043F2D81C7C
:1076C0000022C2F2000C03E00132082A08BF704712
:1076D0005CF83230002BF7D10CEBC2034CF83210BF
:1076E0005860704770B515460E460446FFF7F2FE27
:1076F00094F84400FF2804BF002084F8440094F864
:107700004500FF2804BF002084F84500FFF706FF6E
:10771000A06B28B904F1240031462A4600F036F95E
:107720002046BDE87040FEF779BA000070B5002829
:1077300045D042F68C51C2F200010A684AB14FF0BE
:10774000500080F31188BFF36F8FBFF34F8F00BFDE
:10775000FEE70A6840F2D43501320A6043F24C2158
:10776000C2F20001C2F200050C6829680646043125
:107770000846FFF745FE2868A419446009D340F283
:10778000E430C2F20000006829680431FFF776FE99
:1077900010E040F2DC30C2F20000006829680431D9
:1077A000FFF76CFE43F2B010C2F2000001688C4299
:1077B00038BF046001F03AFB002818BF70BD4EF6D8
:1077C0000450CEF200004FF080510160BFF34F8FA4
:1077D000BFF36F8F70BD000070B580B1C9B142F6C4
:1077E0008C52C2F200021368EBB14FF0500080F3EC
:1077F0001188BFF36F8FBFF34F8F00BFFEE74FF0CD
:10780000500080F31188BFF36F8FBFF34F8F00BF1D
:10781000FEE74FF0500080F31188BFF36F8FBFF386
:107820004F8F00BFFEE713680133136043F24C2310
:10783000C2F200031A680568AA42294402D2A9428A
:1078400002D31CE0A94201D3914218D940F2D435A9
:107850000160C2F200051C6828688E1A0430FFF728
:10786000CFFD2868A41944600BD340F2E430C2F283
:107870000000006829680431FFF700FE12E0016093
:1078800010E040F2DC30C2F20000006829680431E8
:10789000FFF7F4FD43F2B010C2F2000001688C4221
:1078A00038BF046001F0C2FA002818BF70BD4EF660
:1078B0000450CEF200004FF080510160BFF34F8FB3
:1078C000BFF36F8F70BD000043F2B411C2F200012C
:1078D0000968016043F24C21C2F20001096841606D
:1078E0007047000043F25820C2F2000001210160FD
:1078F0007047000070B510B340F2D435C2F20005F5
:107900000C4629681831FFF7B9FD43F24C20C2F24A
:107910000000066828680430FFF772FD601C18D06C
:107920002868A41944601ED340F2E430C2F200007B
:10793000006829680431BDE87040FFF79FBD4FF033
:10794000500080F31188BFF36F8FBFF34F8F00BFDC
:10795000FEE72868011D43F22420C2F20000BDE8C2
:107960007040FFF7A9BD40F2DC30C2F200000068B1
:1079700029680431FFF782FD43F2B010C2F2000023
:1079800001688C4238BF046070BD0000F0B581B062
:1079900020B340F2D436C2F200060C4631681546D8
:1079A0001831FFF789FD43F24C20C2F20000002D90
:1079B00018BF4FF0FF34076830680430FFF720FD30
:1079C000ADB1601C13D13068011D43F22420C2F216
:1079D000000001B0BDE8F040FFF76EBD4FF0500071
:1079E00080F31188BFF36F8FBFF34F8FFEE73068CE
:1079F000E41944600BD340F2E430C2F200000068A6
:107A00003168043101B0BDE8F040FFF737BD40F206
:107A1000DC30C2F20000006831680431FFF72EFD4F
:107A200043F2B010C2F2000001688C4238BF04601B
:107A300001B0F0BD70B520B3026D1AB3C36C8B42B8
:107A400088BF1946012A1CD1C26A8A4208BF70BD8C
:107A500040F2D433C2F200031B6898421BD0836902
:107A6000C162002B5CBFC1F13801816140F2EC358D
:107A7000416902EB8202C2F2000505EB82029142EB
:107A800013D070BD4FF0500080F31188BFF36F8F9B
:107A9000BFF34F8FFEE74FF0500080F31188BFF324
:107AA0006F8FBFF34F8F00BFFEE7041D06462046D1
:107AB000FFF7A6FC42F69451C2F20001F06A0A6890
:107AC000904288BF086000EB800005EB80002146F3
:107AD000BDE87040FFF7F0BCB0B586B0002405A843
:107AE00004A903AACDE90444FFF79CFCDDE90320C7
:107AF000059DCDE9004045F28970C0F600001DA14A
:107B00000023029500F0C6FD43F2A810C2F2000067
:107B1000056015B101F024FA0446601C20D0012C48
:107B20001CD14FF0500080F31188BFF36F8FBFF36B
:107B30004F8F43F2B010C2F200004FF0FF310160EE
:107B400043F21820C2F200000121016043F24C20F0
:107B5000C2F200000021016000F062F806B0B0BD82
:107B60004FF0500080F31188BFF36F8FBFF34F8F3A
:107B7000FEE700BF49444C450000000042F68C502F
:107B8000C2F20000016801310160704742F68C507A
:107B9000C2F20000006830B143F25820C2F2000087
:107BA00001210160704743F25820C2F20000002119
:107BB00042F6945C0160C2F2000CDCF8001040F266
:107BC000EC3301EB8102C2F2000353F8220003EB15
:107BD0008202C0B15068436802F1080083425360DA
:107BE00001D158685060506840F2D432C068C2F287
:107BF00000021060CCF80010704700BF52F8140D5E
:107C000001390028E6D10029F8D14FF0500080F367
:107C10001188BFF36F8FBFF34F8F00BFFEE70000E7
:107C2000B0B584B04EF20040CEF20000017842F6CA
:107C30007A520291FF2101700178C2F200028DF8A0
:107C400007109DF8071001F05001117042F67C51A9
:107C5000C2F2000107220A609DF90720B2F1FF3F3E
:107C60000BDC06220A609DF80730013A5B008DF8B4
:107C700007309DF90730002BF4D40A68032A31D16C
:107C80004FF440720A6002990170D0F8201941F453
:107C90007001C0F82019D0F8201941F07041C0F8E7
:107CA0002019FFF7BFFC40F20C04C2F200040025CB
:107CB0002560FDF7B5FDFFF769FF039520684FF0DC
:107CC000500181F31188BFF36F8FBFF34F8F0130E5
:107CD00002D000BFFEE700BF03980028FCD00020C0
:107CE00004B0B0BD4FF0500080F31188BFF36F8F28
:107CF000BFF34F8FFEE7000080B54FF0500080F3D8
:107D00001188BFF36F8FBFF34F8F00F07FFE30B14C
:107D10004EF60450CEF200004FF08051016000207A
:107D200080F3118880BD000070B505465020FDF736
:107D3000AFFF044670B30026012084F8466024603B
:107D4000C4E90F06FFF7C6FB2068D4E90F12A6634B
:107D500002FB0103013901FB0201C4E90103FF2019
:107D6000E16084F8440084F8450004F11000FFF756
:107D700075FB04F12400FFF771FBFFF7CFFB2046F2
:107D800000210022002384F84C502660C4E90266DA
:107D900000F0C2F8204670BD70B582B0C9B3502261
:107DA0000192019A502A3ED1019A0122002581F8C0
:107DB00046200960C1E90F250C460646FFF78AFBFD
:107DC0002068D4E90F12A56302FB0103013901FB0E
:107DD0000201C4E90103FF20E16084F8440084F853
:107DE000450004F11000FFF739FB04F12400FFF710
:107DF00035FBFFF793FB204600210022002384F887
:107E00004C602560C4E9025500F086F8204602B0B7
:107E100070BD4FF0500080F31188BFF36F8FBFF338
:107E20004F8F00BFFEE74FF0500080F31188BFF383
:107E30006F8FBFF34F8F00BFFEE7000070B582B0B9
:107E400058B1A3B1E9B9E2B14FF0500080F3118805
:107E5000BFF36F8FBFF34F8FFEE74FF0500080F3FB
:107E60001188BFF36F8FBFF34F8F00BFFEE74FF056
:107E7000500080F31188BFF36F8FBFF34F8F00BFA7
:107E8000FEE751B14AB94FF0500080F31188BFF3BB
:107E90006F8FBFF34F8F00BFFEE750250195019D07
:107EA000502D2ED1019C069E012483F846400029C6
:107EB00008BF1A461A60C3E90F011C46FFF70AFB08
:107EC0002068D4E90F12002502FB0103013901FBF0
:107ED0000201A563C4E90103FF20E16084F84400C6
:107EE00084F8450004F11000FFF7B8FA04F124000B
:107EF000FFF7B4FAFFF712FB204684F84C6002B09B
:107F000070BD4FF0500080F31188BFF36F8FBFF347
:107F10004F8F00BFFEE700002DE9F04F85B00492BF
:107F2000B8B11D460446F1B1022D03D1E06B012822
:107F300040F0A780019100F04FFD00BB0498F0B124
:107F40004FF0500080F31188BFF36F8FBFF34F8F56
:107F5000FEE74FF0500080F31188BFF36F8FBFF33F
:107F60004F8F00BFFEE7206C0028DDD04FF050009F
:107F700080F31188BFF36F8FBFF34F8FFEE7FFF7DA
:107F8000A9FAA06B022D5ED0E16B88425BD304F1AD
:107F90001006012002AF4FF0000B0DF1100800BFDA
:107FA0000499002900F08280C00702D03846FFF70C
:107FB0008BFCFFF7B3FAFFF7E1FDFFF78BFA94F8BC
:107FC0004400FF2808BF84F844B094F84500FF2817
:107FD00008BF84F845B0FFF7A1FA3846414600F0E3
:107FE000A5FA002865D1FFF775FAD4F838A0D4F8BF
:107FF0003C90FFF793FACA4516D104993046FFF733
:1080000079FC2046FDF70AFE00F010FF88B94EF615
:108010000450CEF200004FF080510160BFF34F8F4B
:10802000BFF36F8F05E000BF2046FDF7F7FD00F0BE
:10803000FDFEFFF74FFAA06B022D04D0E16B8842E2
:108040004FF00000ACD2A66B226C01991AB3CDB3ED
:10805000E068F8F7A4FAE168206C2268091A9142F6
:10806000E16003D2A16840420844E060A81EB0FA73
:1080700080F040093146002E18BF01210840361A11
:108080002CE04FF0500080F31188BFF36F8FBFF3E7
:108090004F8F00BFFEE7206800BBA06800F0E6FD40
:1080A0000021B0FA80F0A160400918E0FFF736FA2D
:1080B00004E02046FDF7B2FD00F0B8FE002005B058
:1080C000BDE8F08F6068F8F76AFAD4E90101226C24
:1080D00010448842606001D3206860600120711CF8
:1080E000A16354F8241F79B1204600F057FEB8B1BF
:1080F0004EF60450CEF200004FF080510160BFF305
:108100004F8FBFF36F8F0BE050B94EF60450CEF295
:1081100000004FF080510160BFF34F8FBFF36F8FAE
:10812000FFF7FCF9012005B0BDE8F08F70B1B0B5E4
:108130008568044600F04AFC85421CBF0020B0BDA3
:10814000E0680138E0600AD00120B0BD4FF0500077
:1081500080F31188BFF36F8FBFF34F8FFEE7204688
:10816000002100220023FFF7D7FE0120B0BD000050
:108170002DE9F04F85B0049298B10C4605460029D0
:1081800000F0B78000F028FCA8B9049898B14FF02F
:10819000500080F31188BFF36F8FBFF34F8F00BF84
:1081A000FEE74FF0500080F31188BFF36F8FBFF3ED
:1081B0004F8F00BFFEE705F11000019005F124008C
:1081C00000900DF108090DF1100A4FF000080CE0C5
:1081D0002846FDF723FD00F029FEFFF77BF9AF6B82
:1081E000FFF79CF9002F00F09280FFF773F9D5F8A4
:1081F00038B0BBF1000F27D02A6C5AB1D5E9020183
:108200001144E960814224BF2868E860E96820469B
:10821000F8F7C5F9ABF10100A863286970B10198BE
:1082200000F0BCFD50B14EF60450CEF200004FF00D
:1082300080510160BFF34F8FBFF36F8FFFF76EF96F
:1082400000200126A0B963E0049850B1B8F1000FF6
:1082500002D14846FFF738FB4FF00108012038B93A
:1082600056E0FFF75BF900260020002850D000BF41
:10827000FFF754F9FFF782FCFFF72CF995F844005B
:10828000FF2804BF002085F8440095F84500FF282A
:1082900004BF002085F84500FFF740F948465146E5
:1082A00000F044F900287FF493AFFFF713F9AF6BA8
:1082B000FFF734F92FB12846FDF7B0FC00F0B6FD0A
:1082C00093E704990098FFF715FB2846FDF7A6FCF5
:1082D00000F0ACFD00287FF488AF4EF60450CEF2DB
:1082E00000004FF080510160BFF34F8FBFF36F8FDD
:1082F0007BE7286C00283FF445AF4FF0500080F337
:108300001188BFF36F8FBFF34F8F00BFFEE70026CA
:10831000304605B0BDE8F08F2DE9F04F87B00691EB
:1083200058B10446006C90B14FF0500080F31188B2
:10833000BFF36F8FBFF34F8FFEE74FF0500080F316
:108340001188BFF36F8FBFF34F8F00BFFEE700F0C0
:1083500043FB50B9069840B14FF0500080F31188AC
:10836000BFF36F8FBFF34F8FFEE704F1240001903E
:10837000002004F1100B00260DF1100806ADCDE928
:1083800002000CE02046FDF749FC00F04FFDFFF72E
:10839000A1F8A76BFFF7C2F8002F00F08880FFF765
:1083A00099F8A06B00B30138A063206810B9FDF7FD
:1083B0003FFDA060DBF8000070B1584600F0EEFC15
:1083C00050B14EF60450CEF200004FF080510160E3
:1083D000BFF34F8FBFF36F8FFFF7A0F84FF0010A85
:1083E0000020B8B976E000BF069840B1039810B9F4
:1083F0004046FFF769FA0120039058B96AE00298F5
:1084000000286BD1FFF78AF800204FF0000A0028FF
:1084100060D000BFFFF782F8FFF7B0FBFFF75AF814
:1084200094F84400FF2808BF84F8446094F845009D
:10843000FF2808BF84F84560FFF770F840462946DA
:1084400000F074F800289DD1FFF744F8D4F8389074
:10845000FFF764F8B9F1000F06D02046FDF7DEFB08
:1084600000F0E4FC00269AE72068002638B9FFF700
:1084700031F8A06800F048FC0290FFF74FF8069929
:108480000198FFF737FA2046FDF7C8FB00F0CEFC55
:1084900000287FF484AF4EF60450CEF200004FF077
:1084A00080510160BFF34F8FBFF36F8F77E7029862
:1084B00070B1FFF70FF8606A20B1206B0068C0F15F
:1084C000380100E00021A068FFF7B4FAFFF726F8B2
:1084D0004FF0000A504607B0BDE8F08F4FF0500053
:1084E00080F31188BFF36F8FBFF34F8FFEE700005B
:1084F00070B170B5866804460D4600F067FA864292
:108500000FD020462946FFF707FF58B9002070BD5D
:108510004FF0500080F31188BFF36F8FBFF34F8F80
:10852000FEE70120E1680131E16070BD70B538B34C
:108530000C4671B30546FEF7CDFF43F24C2EC2F256
:10854000000EDEF800302268501C2CD043F2B41C20
:10855000C2F2000C294668682D68DCF80060AE4263
:1085600001D0834223D2181A82421ED9101A2060E9
:10857000DCF8000000240860DEF80000486017E026
:108580004FF0500080F31188BFF36F8FBFF34F8F10
:10859000FEE74FF0500080F31188BFF36F8FBFF3F9
:1085A0004F8F00BFFEE7002402E00020206001247E
:1085B000FEF7B4FF204670BD2DE9F04F81B0950065
:1085C00081462846984692460F46FDF761FB78B1F2
:1085D00004465C20FDF75CFB38B10646046356B9DF
:1085E0004FF0FF3001B0BDE8F08F2046FEF7AEFF40
:1085F0000026002EF4D0306B4C46DDF828B04FF04A
:1086000000092946A52286F85990F8F70DF8306B35
:1086100000EB8A00A0F1040020F0070A06F1340004
:1086200067B100217A5C42547A5C1AB10F2901F1DA
:108630000101F7D1002086F8430001E080F80090A6
:108640000025301DBBF1370F28BF4FF0370BC6F8A0
:108650002CB0C6E913B5FEF70DFF06F11800FEF7C2
:1086600009FFCBF13800B0615046214642463661E1
:108670007662756586F85850FDF7E6FB0B99306019
:108680003046002918BF0E60FCF7B2FF012001B090
:10869000BDE8F08F2DE9F04381B09846099B3BB3CC
:1086A0000A9C74B35C270097009F5C2F33D18146EE
:1086B0000098022017469200089D84F85900184639
:1086C0000E461146A5222363F7F7AEFF206B04F197
:1086D000340256B331460023CE5CD654CE5C1EB174
:1086E0000F2B03F10103F7D1002184F843101EE0A2
:1086F0004FF0500080F31188BFF36F8FBFF34F8F9F
:10870000FEE74FF0500080F31188BFF36F8FBFF387
:108710004F8F00BFFEE74FF0500080F31188BFF38A
:108720006F8FBFF34F8F00BFFEE70021117000EB8A
:108730008700043820F007070026201D372D28BFAA
:108740003725E562C4E91356FEF794FE04F11800DC
:10875000FEF790FEC5F13800A06138464946424612
:1087600024616462666584F85860FDF76DFB2060E3
:108770002046FCF73DFF204601B0BDE8F083000035
:10878000F0B581B0C8B11D46174604460E46FEF747
:10879000A1FE002D1CBF606D286094F858000221D6
:1087A000042F84F858105BD80125DFE807F01E037A
:1087B000171D1000616D314312E04FF0500080F33F
:1087C0001188BFF36F8FBFF34F8F00BFFEE7022802
:1087D00014BF66650025012809D051E0616D0131A3
:1087E0006165012803D04BE06665012848D1261D4C
:1087F0003046FEF705FE42F69451C2F20001E06AEF
:108800000A68904288BF086040F2EC3100EB8000BB
:10881000C2F2000101EB80003146FEF74DFEA06A76
:1088200048B14FF0500080F31188BFF36F8FBFF352
:108830004F8F00BFFEE740F2D431C2F20001E06A80
:108840000968C96A88421BD94EF60450CEF200006E
:108850004FF080510160BFF34F8FBFF36F8F0FE078
:10886000616D013109D04FF0500080F31188BFF3E2
:108870006F8FBFF34F8F00BFFEE701250128B6D0F1
:10888000FEF74CFE284601B0F0BD00002DE9F04196
:1088900018B31F46164604460D46FEF7DDFEEFF3FD
:1088A00011884FF0500080F31188BFF36F8FBFF332
:1088B0004F8F002F1CBF606D386094F85810022055
:1088C000042E84F858003CD80120DFE806F01E038F
:1088D0001A161000606D284315E04FF0500080F329
:1088E0001188BFF36F8FBFF34F8F00BFFEE70229E0
:1088F00003D1002001290AD063E06565012906D073
:108900005FE0606D013060650120012959D1A16AE5
:1089100049B14FF0500080F31188BFF36F8FBFF360
:108920004F8F00BFFEE7064642F68C50C2F20000B1
:10893000006890B143F2C41004F11801C2F20000C3
:1089400021E0606D013039D04FF0500080F3118884
:10895000BFF36F8FBFF34F8FFEE7251D2846FEF74D
:108960004FFD42F69451C2F20001E06A0A6890425B
:1089700088BF086040F2EC3100EB8000C2F20001D9
:1089800001EB80002946FEF797FD40F2D431C2F298
:108990000001E06A0968C96A8842304611D906991F
:1089A00000291CBF01220A6043F25821C2F20001D3
:1089B00001220A6088F31188BDE8F08101200129B5
:1089C000A5D088F31188BDE8F081000040F2D430D2
:1089D000C2F200000068704743F21820C2F20000A3
:1089E0000068002804BF0120704742F68C50C2F294
:1089F00000000068B0FA80F04009400070470000B5
:108A000043F24C20C2F20000006870472DE9F04F9D
:108A100081B042F68C50C2F20000006840B143F2CF
:108A2000C010C2F200000168002401310160A0E022
:108A300043F24C20C2F2000001684E1C06602ED3A7
:108A400040F2DC30C2F200000168096849B14FF021
:108A5000500080F31188BFF36F8FBFF34F8F00BFBB
:108A6000FEE740F2E432C2F20002016813680360DC
:108A7000116043F2B411C2F200010A6801320A60C7
:108A80000168096821B10068C068C068406801E0F9
:108A90004FF0FF3043F2B011C2F20001086043F220
:108AA000B011C2F20001086840F2D43A40F2EC384A
:108AB0008642C2F2000AC2F2000801D2002446E057
:108AC00040F2DC37C2F20007386800240068A0B327
:108AD00042F6945BC2F2000B1AE000BFD9F82C00FA
:108AE000DBF80010884288BFCBF8000000EB800064
:108AF00008EB80002946FEF7DFFCD9F82C00DAF8F5
:108B00000010C96A3A68884228BF01241068B8B1C9
:108B10003868C068D0F80C904D4655F8040F86426E
:108B200010D32846FEF76CFCD9F828000028D5D0D1
:108B300009F11800FEF764FCD0E74FF0FF3005E0C4
:108B40004FF0FF3043F2B011C2F200010860DAF8D2
:108B50000000C06A00EB800058F82000012843F2B2
:108B60005820C2F2000088BF01240068002818BF06
:108B70000124204601B0BDE8F08F00002DE9F0414E
:108B80001E46154688460746FEF7A4FC40F2D4343C
:108B9000C2F20004206890F85800022849D02068EA
:108BA000002E416D21EA0701416520684FF0010167
:108BB00080F858103DD043F24C20C2F20000076804
:108BC00020680430FEF71CFC701C0DD02068F619DC
:108BD000466012D340F2E430C2F20000006821681F
:108BE0000431FEF74BFC19E02068011D43F22420FC
:108BF000C2F20000FEF760FC10E040F2DC30C2F28E
:108C00000000006821680431FEF738FC43F2B01020
:108C1000C2F2000001688E4238BF06604EF6045072
:108C2000CEF200004FF080510160BFF34F8FBFF3D1
:108C30006F8FFEF773FCFEF74DFC15B12068406D99
:108C400028602068002590F858100020022905D1DE
:108C5000216801254A6D22EA08024A65216881F8E7
:108C60005800FEF75BFC2846BDE8F081002804BFF1
:108C70000020704740F2D431C2F2000109688842F6
:108C800009D04FF0500080F31188BFF36F8FBFF30E
:108C90004F8F00BFFEE7016D59B3013901654FF0F9
:108CA000000124D1C26AC36C9A4220D0B0B5041D21
:108CB00005462046FEF7A4FBE86CC0F13801A96127
:108CC00042F69451E862C2F200010A68904288BFFD
:108CD000086040F2EC3100EB8000C2F2000101EBD1
:108CE00080002146FEF7E8FB0121BDE8B0400846C0
:108CF00070474FF0500080F31188BFF36F8FBFF3C0
:108D00004F8F00BFFEE70000002804BF002070471F
:108D1000F0B581B040F2D435C2F20005C16A2A68CC
:108D2000D26A914216D28269002A04D42A68D26A91
:108D3000C2F13802826140F2EC36426901EB8101F6
:108D4000C2F2000606EB81018A420CD02968C96A8A
:108D5000C1621FE0C16C2868C26A0020914238BF1E
:108D6000012001B0F0BD041D07462046FEF748FB78
:108D7000286842F69451C06AC2F20001F8620A689B
:108D8000904288BF086000EB800006EB800021461F
:108D9000FEF792FB012001B0F0BD0000B0B5C06845
:108DA000C5687DB105F118042046FEF729FB42F69F
:108DB0008C50C2F20000006868B143F2C410C2F2E5
:108DC00000001DE04FF0500080F31188BFF36F8F5B
:108DD000BFF34F8FFEE72C1D2046FEF711FB42F636
:108DE0009451C2F20001E86A0A68904288BF0860A4
:108DF00040F2EC3100EB8000C2F2000101EB800098
:108E00002146FEF759FB40F2D431C2F20001E86A74
:108E10000968C96A884291BF002043F25821C2F212
:108E20000001012088BF0860B0BD00002DE9F04FAF
:108E300081B042F68C54C2F20004206868B1FEF79B
:108E400049FB206801382060206880B10024FEF7CB
:108E500065FB204601B0BDE8F08F4FF0500080F375
:108E60001188BFF36F8FBFF34F8F00BFFEE742F64D
:108E70008450C2F2000000680028E7D043F2C41614
:108E8000C2F20006306843F258280028C2F20008F7
:108E900043D042F6945740F2EC3940F2D43BC2F250
:108EA0000007C2F20009C2F2000B4FF0010A00BF36
:108EB000F068C56805F11800FEF7A2FA2C1D2046DF
:108EC000FEF79EFAE86A3968884288BF386000EB8E
:108ED000800009EB80002146FEF7EEFAE86ADBF835
:108EE0000010C96A884228BFC8F800A0306800286E
:108EF000DED195B140F2DC30C2F2000001680968B1
:108F000021B10068C068C068406801E04FF0FF30E0
:108F100043F2B011C2F20001086043F2C014C2F281
:108F20000004256855B10126FFF770FD002818BF21
:108F3000C8F80060013DF7D100202060D8F800009B
:108F400000283FF483AF4EF60450CEF200004FF0FD
:108F500080510160BFF34F8F0124BFF36F8F76E71D
:108F600080B586B0FCF7D2FB43F25020C2F200007D
:108F7000006808B30020CDE9040005A804A903AAED
:108F8000FEF75EFADDE903200221DDF814C0CDE929
:108F9000001045F66110C0F600000CA10023CDF8CA
:108FA00008C0FFF777FB43F25421C2F200010860CA
:108FB00010B1012006B080BD4FF0500080F3118841
:108FC000BFF36F8FBFF34F8FFEE700BF546D72206A
:108FD000537663005FEA400C08BF91F0000F4FEA40
:108FE0008C234FEAC12243EA51514FEA1C5018BF6B
:108FF00000F5F0404FEA300018BF41F000415FEA51
:109000006C5C00F02980BCF1FF3F08BF40F080405D
:109010007047130C06BF12044FF0100C4FF0000CF9
:10902000130E04BF12020CF1080C130F04BF12013F
:109030000CF1040C930F04BF92000CF1020CD30F3F
:1090400004BF52000CF1010C11464FF00002A0F1D8
:109050001F00A0EB0C00704711F0004F08BF7047D5
:1090600031F000413FF4D5AF0B0C06BF09044FF0BF
:10907000100C4FF0000C0B0E04BF09020CF1080C91
:109080000B0F04BF09010CF1040C8B0F04BF890006
:109090000CF1020CCB0F04BF49000CF1010CCCF118
:1090A000200322FA03F341EA030102FA0CF2A0EBD7
:1090B0000C0000F10100704723F07F4720F07F4C47
:1090C00080EA030000F00040ACEB070303F57C539B
:1090D00003F1FF032DE9804909B44FEA144324EA60
:1090E00003484FEA154B25EA0B4E0FF2042606EB18
:1090F00013273E7803FB0667C7F5000707FB06F654
:109100004FEAD64606F102064FEA543707FB066CD3
:10911000CCF1005C4FEA1C472CEA074C0CFB06F52F
:1091200007FB06F404EB15464FEA961649085FEA7A
:10913000320234BF00204FF000404FEAD13706FB27
:1091400007FC4FEA1C4C0CFB0BF7D21B03FB0CF784
:1091500061EB07010CFB0EF7B0EB074072EB174217
:109160000CFB08F734BFA2EB0742B2EB074261EBFE
:1091700017414FEA0C444FEA910706FB07FC4FEA00
:109180001C4C0CFB0BF7B0EBC74072EB573203FBE8
:109190000CF734BFA2EBC742B2EBC74261EB5731C9
:1091A0000CFB0EF7B0EBC70072EB57720CFB08F725
:1091B00034BFA2EBC702B2EBC70261EB57714FEAB3
:1091C000816141EA92114FEA826242EA90124FEACB
:1091D000806004EBCC04039F4FEAD13706FB07FC09
:1091E0004FEA1C4C0CFB0BF7D21B03FB0CF761EB9B
:1091F00007010CFB0EF7B0EB074072EB17420CFBBC
:1092000008F734BFA2EB0742B2EB074261EB17410C
:109210004FEA8C5504EB9C244FEA910706FB07FCB0
:109220004FEA1C4C0CFB0BF7B0EBC74072EB57320C
:1092300003FB0CF734BFA2EBC742B2EBC74261EBB2
:1092400057310CFB0EF7B0EBC70072EB57720CFBFB
:1092500008F734BFA2EBC702B2EBC70261EB57714C
:109260004FEA816141EA92114FEA826242EA90122A
:109270004FEA806015EB4C2544F100044FEAD137EA
:1092800006FB07FC4FEA1C4C0CFB0BF7D21B03FB45
:109290000CF761EB07010CFB0EF7B0EB074072EB2C
:1092A00017420CFB08F734BFA2EB0742B2EB0742B0
:1092B00061EB17414FEA813141EA92414FEA823234
:1092C00042EA90424FEA80304FEA0C7615EB1C15CB
:1092D00044F1000448EA03434EEA0B484FF0000E05
:1092E000B2EB080C71EB030724BF624639464EEB24
:1092F0000E0E4FF0000B0018524149414BEB0B0B87
:10930000B2EB080C71EB03077BF1000B24BF624644
:1093100039464EEB0E0E4FF0000B001852414941FA
:109320004BEB0B0BB2EB080C71EB03077BF1000B63
:1093300024BF624639464EEB0E0E51EA020718BFB3
:1093400046F0010616EB0E7655F1000254F10001CD
:1093500003D5BDE88901BDE80088BDE88901BDE805
:109360000048B619524141EB0101A3F101037047D6
:1093700080807F7E7D7C7B7A797877767675747352
:10938000727171706F6E6E6D6C6C6B6A6A69686811
:10939000676666656464636362616160605F5F5EA7
:1093A0005E5D5D5C5C5B5B5A5A595958585757561D
:1093B0005655555554545353525252515150505082
:1093C0004F4F4F4E4E4D4D4D4C4C4C4B4B4B4A4AD4
:1093D0004A49494948484847474747464646454518
:1093E0004544444444434343434242424241414151
:1093F0009C46002B30D477002BD04FEA37071CB5A2
:1094000003B44FF010004FF01001BAF1000F06D076
:10941000BCF1000FDCBF40F0080040F008014FF045
:1094200000000FBCBDE810400BF1010BBBF1010FB8
:1094300008BF5FEA170722BF12F1010211F1010113
:109440004FF0004143F1000300F0004043EA000008
:109450007047F9D35708D0E746EA06464FEA164662
:1094600013F1400F1FDD13F1200FDFBF16430A4633
:10947000002120335B42BED0C3F1200746EA0646F6
:109480004FEA164602FA07F746EA070622FA03F2FF
:10949000C3F1200701FA07F742EA070221FA03F1B4
:1094A0004FF00003A7E746EA020646EA06464FEAFF
:1094B000164646EA0106BCBF46EA0646360C4FF0A1
:1094C00000034FF000024FF0000194E72DE9804CBB
:1094D00070B49A46934691E8380007C831EA400CC8
:1094E00048BF34EA430C03D5FFF7E6FDFFF780FFE2
:1094F000F0BCBDE8008C2DE9804C70B49A469346D0
:1095000091E8380007C810F0804F08BF13F0804F73
:1095100003D100F005F8FFF76BFFF0BCBDE8008C4D
:1095200020F07F4723F07F4C80EA030000F00040EA
:1095300007EB0C03A3F57C53A3F1FE0392F0000F9D
:1095400000F0B38095F0000F00F077802DE901491D
:109550004FEA114021EA00484FEA144624EA064740
:1095600000FB06FC08FB06F607FB08F818EB0648AC
:109570004CEB164C00FB07F718EB07484CEB174079
:109580004FEA124B22EA0B4E4FEA154625EA0647F0
:109590000BFB06FC0EFB06F607FB0EFE1EEB064E53
:1095A0004CEB164C0BFB07F71EEB074E4CEB174B27
:1095B00018EB0B0840F1000018EB0E0B58EB0008FD
:1095C00040F100008F1A4FF000014FF000063CBF41
:1095D000C943661B14BFB5EB040C00213CBFC94353
:1095E000F61B4FEA174427EA04454FEA1C472CEACA
:1095F000074C04FB076205FB07F70CFB05F616EBAF
:10960000074642EB174204FB0CFC16EB0C4642EB00
:109610001C421BEB060658EB020241414EEA8E0E3D
:1096200046EA9E0601D5BDE80189B619524141EBD3
:109630000101A3F10103BDE801894FEA144524EAC1
:1096400005464FEA114721EA074C05FB07F406FBE4
:1096500007F70CFB06F111EB074144EB174405FB40
:109660000CFC11EB0C4144EB1C444FEA124722EA7C
:10967000074C05FB07F206FB07F70CFB06F616EB9B
:10968000074642EB174205FB0CFC16EB0C4642EB7F
:109690001C456A1854F1000148BF7047B619524181
:1096A00041EB0101A3F10103704795F0000F37D0A2
:1096B0004FEA114221EA02464FEA144724EA074CD6
:1096C00002FB07F106FB07F70CFB06F414EB07445B
:1096D00041EB174102FB0CFC14EB0C4441EB1C4129
:1096E0004FEA154725EA074C02FB07F506FB07F78B
:1096F0000CFB06F616EB074645EB174502FB0CFC88
:1097000016EB0C4645EB1C42121951F1000148BF03
:109710007047B619524141EB0101A3F101037047B3
:109720004FEA144524EA05464FEA114721EA074C5F
:1097300005FB07F106FB07F70CFB06F212EB0742ED
:1097400041EB174105FB0CFC12EB0C4251EB1C41A9
:109750004FF0000648BF7047921841EB0101A3F19A
:1097600001037047490050EAC12018BF04204A0D88
:1097700018BF40F0010040F2FF72B2EB515F08BF2A
:1097800040F00200012808BF0520704730380A2841
:1097900001D20120704700207047000010B5002959
:1097A0000AD00878002807D005487844F7F744FF26
:1097B000002801D0002010BD0248784410BD0000F0
:1097C000760D00006E0D000010B500290AD0087853
:1097D000002807D005487844F7F72EFF002801D06D
:1097E000002010BD0248784410BD0000660D000046
:1097F0005E0D00000808A0F500114FEA3101704726
:1098000043004FEAD30C4FEA3C0C43401FBF4007D4
:109810000CF1605113F0FE4F70471CF0006F03D144
:109820000CF00041002070470CF0004343EA5070F8
:1098300040EACC0010B500F0F8F900BF000000923B
:109840004FEA0001FFF7D6BF4FF00041A1F500211C
:109850004FF000007047000090EA010F48BF81F010
:10986000004100F13482421A3CBF801A89184FEA45
:10987000D052A2EBD1534FF07F4C1CEA410F18BFDE
:109880009CEA026F00F03B804FF0004C4CEA002055
:109890004CEA012121FA03FC10EB0C0C1ED202F160
:1098A000FF325FEA1C2040EBC25038BF70471CF00B
:1098B0007F0F4FEA400C18BFBCF17F4F38BF704795
:1098C000C3F12003994008BF20F00100BCF17F4F95
:1098D00038BF7047A0F1C04000F0EDB94FEA3C003E
:1098E000000A40EBC25028BF1CF0FF0F4FEA400CAB
:1098F000E6D018BFBCF17F4F38BF7047EAE79CEA5B
:10990000026F05D010EA5C0F08BF00F000407047FE
:1099100010B500F08AF900BF64FBBE3E10B500F040
:1099200033F80CBF0120002010BD10B500F02CF85A
:1099300014BF0120002010BD10B500F08DF88CBFC1
:109940000120002010BD10B500F086F82CBF0120CA
:10995000002010BD10B500F0B3F894BF0120002026
:1099600010BD10B500F0ACF834BF0120002010BDD0
:10997000401058BFC0F14040491058BFC1F14041AC
:109980008142EFF30080704750EA010C00F1138030
:109990001CF5000F58BFBCF5000F01D4884270477A
:1099A00007D710F5000F58BF11F5000F15D48842E6
:1099B0007047894270471CF5000F04D5BCF5000FB5
:1099C000F7D5814270474FF0807C1CEB400F38BFC9
:1099D0001CEB410F01D28142704710B500F025F910
:1099E000922449004FF000504FF08051FFF7C0BF64
:1099F00041000B0ED3F19E0208D950F400034FEA48
:109A0000032323FA02F048BF4042704710B500F02C
:109A10000CF900BF49922480002070476FF000428B
:109A200082EA20007047000010F0004148BF404229
:109A3000B0FA80F310FA03F2C3F19D030BD051EAA0
:109A4000C35101EB1220530638BF704700F10100EB
:109A500008BF20F00100704750EA010C00F11380AC
:109A60001CF5000F58BFBCF5000F01D488427047A9
:109A700007D710F5000F58BF11F5000F15D4884215
:109A80007047894270471CF5000F04D5BCF5000FE4
:109A9000F7D5814270474FF0807C1CEB400F38BFF8
:109AA0001CEB410F01D28142704710B500F0BDF8A8
:109AB000922449004FF080504FF00051FFF758BFFB
:109AC00050EA010C00F113801CF5000F58BFBCF5E3
:109AD000000F01D48842704707D710F5000F58BF18
:109AE00011F5000F15D488427047894270471CF564
:109AF000000F04D5BCF5000FF7D5814270474FF039
:109B0000807C1CEB400F38BF1CEB410F01D281421F
:109B1000704710B500F089F8922449004FF00050CA
:109B20004FF08051FFF724BF4FF47F0C1CEAD01296
:109B30001EBF1CEAD11392EA0C0F93EA0C0F00F03F
:109B4000478090EA010F48BF42F480724FF0004C0A
:109B50004CEA00204CEA012102EB0302A0FB0113B6
:109B6000A2F50002002918BF43F001035B0028BFE3
:109B70004FEA330342EB22425FEA132C4CEBC25014
:109B80002EBFBCEB436FB2F57C0F70474FEA036CFE
:109B9000BCF1004F08BF20F00100B2F57C0F38BFC8
:109BA00070470BD582F0FF0212F5803FC8BF7047A7
:109BB00000F1C040D8BF00F00040704700F5000C35
:109BC0005FEA4C0C48BF7047B0F1C04000F073B87A
:109BD0000CEAD11390EA010F48BF42F4807262454B
:109BE00038BF634504D280EA010000F000407047AE
:109BF00010B500F01AF800BF8900013E00F007B868
:109C000000F009B85FEA410C5FEA1C6C08D080EAFA
:109C1000010000F050B85FEA400C5FEA1C6CF6D11E
:109C20004FF00040A0F5800070470EF1020E2EF0BC
:109C3000030E5EF8044B244204D44FEA4102B2F111
:109C40007F4F11D84FEA4003B3F17F4F0CD80ED1AC
:109C50004FEAD07C0CEB4C0C0CF1020CB2F17F4FB4
:109C600008BF4CEBD17C04E04FF0080C01E04FEA58
:109C7000D17C0CEB4C0324FA03F404F00704B4F198
:109C8000040C06D20EEB840CBDE810404CF0010C25
:109C90006047DFE80CF0070802024FF00040A0F533
:109CA000800010BD0846420018BFD2F1807288BF04
:109CB00000F0004010BDFF2141EAD050C0057047C0
:109CC00090EA010F48BF81F000413FF5CCAD421A48
:109CD00004D882F00042A0EB020011444FEAD052B7
:109CE000A2EBD1534FF07F4C1CEA410F18BF9CEA06
:109CF000026F4AD04FF0004C4CEA00204CEA0121A0
:109D000021FA03FCB0EB0C0C0FD412F0FE0F36D08E
:109D10005FEA4C001DD5001240EBC25038BF7047BF
:109D20001CF03F0F18BF70470BE05FEA1C20A2F148
:109D3000010240EBC25038BF70471CF07F0F18BFC4
:109D40007047C3F12003994014BF401E20F001006A
:109D500070474FEA1223800808BF7047B0FA80FCB2
:109D6000A2EB0C02CCF1280C60FA0CF093EA122F53
:109D700004BF00EBC25070474FEAC3707047130A2C
:109D80005FEADC1008BF7047F6E79CEA026F04D078
:109D900010EA5C0F08BF0020704710B5FFF745FFC1
:109DA00040DFF63E81F000407047F6F7F5BDF7F76B
:109DB00063B9040000080000000000000002000178
:109DC00000001000000000000000000030313233BD
:109DD00034353637383941424344454640305800DF
:109DE0003031323334353637383961626364656611
:109DF00040307800303132333435363738396162AB
:109E00006364656678700030313233343536373804
:109E1000394142434445465850000000024000008A
:109E2000000000A00000000005400000000000C885
:109E3000000000000C4000000000409C00000000FA
:109E4000194000000020BCBE0000000034400000AB
:109E5000BFC91B8E00000004B5400000504BCFD09E
:109E60006607E2CF010000006C4100003E8251AA6B
:109E7000DFEEA73401000000D9420000DCB5A0E20B
:109E80003A301F97FFFFFFFFB4450000FD25A0C833
:109E9000E9A3C14FFFFFFFFFFF3F0000000000806C
:109EA00000000000FF3F00000000008000000000F4
:109EB000000000000000000001020304060708097A
:109EC00000000000010203040102000052A000088B
:109ED0000000000000000000000000006EA000086C
:109EE0000000000000000000000000000000000072
:109EF00080020000370000000000000000000000A9
:109F00005CA000080000000000000000000000004D
:109F100044A0000800000000000000000000000055
:109F200000000000000200003100000000000000FE
:109F30000000000002030405060708090A0B0C0DC7
:109F40000E0F101038A000080000000000000000F4
:109F500000000000000000000002000018000000E7
:109F6000000000000000000008A000080000000041
:109F7000000000000000000012A000080000000027
:109F800000000000000000000000000000010000D0
:109F90003700000000000000000000004BA0000897
:109FA00000000000000000000000000000000000B1
:109FB0000003000018000000000000000000000086
:109FC0002DA00008000000000000000000000000BC
:109FD00000000000800200003100000000000000CE
:109FE000000000001DA000080000000000000000AC
:109FF0000000000000000000000300001800000046
:10A0000000000000000000006465765F75617274F6
:10A0100031006977646F675F666565640073656EBC
:10A02000736F725F6572725F68616E640073656EF4
:10A03000736F725461736B0064656661756C745400
:10A0400061736B00627574746F6D00736372656524
:10A050006E0049324341636365737300506F7765E7
:10A06000725374617465416373736573730050490F
:10A070004476004932435F494E555345286932635F
:10A0800029002E2E2F436F72652F73656E736F72CA
:10A09000732F73656E736F72735F6465762E6300E2
:10A0A0002E2E2F436F72652F6170702F706F776542
:10A0B000724D61737465722E630000007D6D00083F
:10A0C000BD6D0008F56600085F0003020304030588
:10A0D00004050A00FE07FE07000142028803B620BD
:10A0E0000500620721073943C7A00422079B524796
:10A0F0006209230E3D424F294906A53228A52401B5
:10A10000240C3D4257B6D4B624D92200250C3D423A
:10A110004FA474ABB4480900260D3D424F96444904
:10A120005649A4480927061953C7002808BB4257B7
:10A1300052AA152909BB424756AA94002A0A2D465D
:10A1400047965406A52D2B0A2D4657180D52180177
:10A150002C079B3E8F52022D060D4EC7202E089BCA
:10A160003E4FB224002F083D4267AD6308300B3DDF
:10A17000425796D46C492D02310A3D42572625613B
:10A18000D320320C3D42CF92859194858300330CCD
:10A190003D42C7206699AA250B00340C3D425F263C
:10A1A00025A564D0C204350B3D42C73131855AB272
:10A1B00000360C3D4297948589494B1600370B3D7C
:10A1C00042C720666156CC00380C3D42CF9269C927
:10A1D0009269C902390C3D42CF92498A12669104B4
:10A1E0003A0ABB3E4FB2A4C992003B09BB3E4FB2F4
:10A1F000A44A093C08BC425FD4D8003D081D4AC7A8
:10A20000A00E023E08BC4247D8D4063F0A3D42CFCA
:10A210009235E65004400C3D42CF92494B624917BB
:10A2200000410C3D425796D4B461C8B400420D3D84
:10A2300042C71055A264AA448302430A3D42CF920A
:10A24000896DC902440F3D42C71055A2244AA22479
:10A250001A1400450B3D42C7311C92301C04460ABB
:10A260003D42C7311C92B008470B3D42CF9289A5B1
:10A270002D5900480A3D4247661B86CC164908BB4B
:10A2800042C71275194A0A3D42D716B64491044B8B
:10A290000D3D42472625252D892A59004C083D426F
:10A2A00047D8E3204D0B3D4247A62D4BA2D9024E85
:10A2B0000C3D4247A64D4A226D5A004F0A3D42CFFF
:10A2C00092794B1600500C3D42C79064DAA0844549
:10A2D00000510A453ECF9279A9AC01520D3D42C7CB
:10A2E0009064DAA0942A5900530B3D42CF92A9AB57
:10A2F000962C0054093D42C720853D0155093D4239
:10A3000047E65BB200560D3D4247664B4A499464AE
:10A310001100570A3D4247E69228C92D580B3D428D
:10A3200047A625B54A4D0B590A3D4247A625B5B06B
:10A33000095A0A3D42C720661D07015B08BB42C798
:10A3400010751A5C083D424798760C5D08BB42C701
:10A35000D469085E081D525796D4025F060D3EC7A9
:10A36000206006125B4714610A2D42CF9A0C5A32C4
:10A3700004620B3D424758316993A200630A2D42A3
:10A38000CF928959B200640A3D4267C5B4498A1226
:10A39000650A2D42CF920D43BA00660B3D42975499
:10A3A000C98628AC01670C3D3ACFA069C9106AC9BB
:10A3B00002680A3D4247583169B6006908BB424FFE
:10A3C00028B50C6A0BCC3A5FACD5242951006B0B35
:10A3D0003D4247589392A992056C08BB4287D4CB63
:10A3E000006D0B2D4287D2A2244AA2056E092D4290
:10A3F0004762D26C016F092D42CF92D99205700C41
:10A400003D3A4762D22645094300710A3D3A8F69B9
:10A410009314252C72092D424762128B0073092D6B
:10A4200042CF921E1400740C3D424F980D51588A31
:10A43000140075092D4247E6A42801760B2D4247EA
:10A44000A625A5248B00770A2D42476649942E0045
:10A45000780A2D424796D42AB500790C3D3A4766D2
:10A460005294504B16007A092D42C7A0B50D027BBD
:10A470000ABC4297122662140A7C063943C7217D22
:10A480000BBC428718854A9848007E091D524FA48C
:10A4900024520200000004FFFF00001815A115C897
:10A4A00019FF1815A015C019FF1815AE15D516807F
:10A4B00015A8163F15D316001540158D1614152036
:10A4C000160015A115C815DA1612158116CF15D963
:10A4D00016F115DB1640152E15A415A619FF181533
:10A4E000AF19FF1815AE19FF0001140A6464323267
:10A4F00000093D000004289610080002800040007A
:10A5000050A60008000000201000000050010008C4
:10A5100060A60008100000205038000070010008FC
:10A520001C00000043000000F8FFFFFF0C000000CB
:10A530000E0000000F0000002E00000010010000BF
:10A5400043000000F8FFFFFF004040404040404013
:10A5500040404141414141404040404040404040F6
:10A56000404040404040404040050202020202029A
:10A5700002020202020202020220202020202020E9
:10A5800020202002020202020202909090909090FD
:10A5900010101010101010101010101010101010BB
:10A5A000101010100202020202028888888888882F
:10A5B000080808080808080808080808080808081B
:10A5C0000808080802020202400000000000000023
:10A5D000000000000000000000000000000000007B
:10A5E000000000000000000000000000000000006B
:10A5F000000000000000000000000000000000005B
:10A60000000000000000000000000000000000004A
:10A61000000000000000000000000000000000003A
:10A62000000000000000000000000000000000002A
:10A63000000000000000000000000000000000001A
:10A64000000000000000000000000000000000000A
:10A6500000127A000101000010000000AAAAAAAAB4
:04000005080000ED02
:00000001FF
